precision,metric,accepted,coverage,risk,threshold
q2,dsde,1,0.016666666666666666,0.0,0.0
q2,dsde,2,0.03333333333333333,0.5,0.0
q2,dsde,3,0.05,0.3333333333333333,0.0
q2,dsde,4,0.06666666666666667,0.5,0.0
q2,dsde,5,0.08333333333333333,0.4,0.0
q2,dsde,6,0.1,0.3333333333333333,0.0
q2,dsde,7,0.11666666666666667,0.2857142857142857,0.0
q2,dsde,8,0.13333333333333333,0.25,0.0
q2,dsde,9,0.15,0.2222222222222222,0.0
q2,dsde,10,0.16666666666666666,0.2,0.0
q2,dsde,11,0.18333333333333332,0.18181818181818182,0.0
q2,dsde,12,0.2,0.16666666666666666,0.0
q2,dsde,13,0.21666666666666667,0.15384615384615385,0.0
q2,dsde,14,0.23333333333333334,0.14285714285714285,0.0
q2,dsde,15,0.25,0.13333333333333333,0.0
q2,dsde,16,0.26666666666666666,0.1875,0.0
q2,dsde,17,0.2833333333333333,0.17647058823529413,0.0
q2,dsde,18,0.3,0.2222222222222222,0.0
q2,dsde,19,0.31666666666666665,0.21052631578947367,0.0
q2,dsde,20,0.3333333333333333,0.2,0.0
q2,dsde,21,0.35,0.23809523809523808,0.0
q2,dsde,22,0.36666666666666664,0.2727272727272727,0.0
q2,dsde,23,0.38333333333333336,0.2608695652173913,0.0
q2,dsde,24,0.4,0.25,0.0
q2,dsde,25,0.4166666666666667,0.24,0.0
q2,dsde,26,0.43333333333333335,0.2692307692307692,0.0
q2,dsde,27,0.45,0.25925925925925924,0.0
q2,dsde,28,0.4666666666666667,0.25,0.0
q2,dsde,29,0.48333333333333334,0.2413793103448276,0.0
q2,dsde,30,0.5,0.23333333333333334,0.0
q2,dsde,31,0.5166666666666667,0.25806451612903225,0.0
q2,dsde,32,0.5333333333333333,0.25,0.0
q2,dsde,33,0.55,0.24242424242424243,0.0
q2,dsde,34,0.5666666666666667,0.23529411764705882,0.0
q2,dsde,35,0.5833333333333334,0.22857142857142856,0.0
q2,dsde,36,0.6,0.2222222222222222,0.0
q2,dsde,37,0.6166666666666667,0.21621621621621623,0.0
q2,dsde,38,0.6333333333333333,0.21052631578947367,0.0
q2,dsde,39,0.65,0.23076923076923078,0.0
q2,dsde,40,0.6666666666666666,0.25,0.040691861578037905
q2,dsde,41,0.6833333333333333,0.24390243902439024,0.05793650793650793
q2,dsde,42,0.7,0.2619047619047619,0.0651644044568048
q2,dsde,43,0.7166666666666667,0.27906976744186046,0.08554146374458875
q2,dsde,44,0.7333333333333333,0.29545454545454547,0.12000000000000001
q2,dsde,45,0.75,0.3111111111111111,0.13394130298565599
q2,dsde,46,0.7666666666666667,0.32608695652173914,0.1518779597689115
q2,dsde,47,0.7833333333333333,0.3191489361702128,0.18552407972965748
q2,dsde,48,0.8,0.3333333333333333,0.19999999999999998
q2,dsde,49,0.8166666666666667,0.32653061224489793,0.2
q2,dsde,50,0.8333333333333334,0.34,0.2
q2,dsde,51,0.85,0.35294117647058826,0.2
q2,dsde,52,0.8666666666666667,0.36538461538461536,0.21780635106175728
q2,dsde,53,0.8833333333333333,0.37735849056603776,0.2360450626626082
q2,dsde,54,0.9,0.3888888888888889,0.243984375
q2,dsde,55,0.9166666666666666,0.4,0.3280973129992738
q2,dsde,56,0.9333333333333333,0.4107142857142857,0.5210957792207792
q2,dsde,57,0.95,0.42105263157894735,0.6
q2,dsde,58,0.9666666666666667,0.43103448275862066,0.63
q2,dsde,59,0.9833333333333333,0.4406779661016949,0.6666666666666666
q2,dsde,60,1.0,0.45,0.7037582401938285
q2,sde,1,0.016666666666666666,0.0,0.0
q2,sde,2,0.03333333333333333,0.5,0.0
q2,sde,3,0.05,0.3333333333333333,0.0
q2,sde,4,0.06666666666666667,0.5,0.0
q2,sde,5,0.08333333333333333,0.4,0.0
q2,sde,6,0.1,0.3333333333333333,0.0
q2,sde,7,0.11666666666666667,0.2857142857142857,0.0
q2,sde,8,0.13333333333333333,0.25,0.0
q2,sde,9,0.15,0.2222222222222222,0.0
q2,sde,10,0.16666666666666666,0.2,0.0
q2,sde,11,0.18333333333333332,0.18181818181818182,0.0
q2,sde,12,0.2,0.16666666666666666,0.0
q2,sde,13,0.21666666666666667,0.15384615384615385,0.0
q2,sde,14,0.23333333333333334,0.14285714285714285,0.0
q2,sde,15,0.25,0.13333333333333333,0.0
q2,sde,16,0.26666666666666666,0.1875,0.0
q2,sde,17,0.2833333333333333,0.17647058823529413,0.0
q2,sde,18,0.3,0.2222222222222222,0.0
q2,sde,19,0.31666666666666665,0.21052631578947367,0.0
q2,sde,20,0.3333333333333333,0.2,0.0
q2,sde,21,0.35,0.23809523809523808,0.0
q2,sde,22,0.36666666666666664,0.2727272727272727,0.0
q2,sde,23,0.38333333333333336,0.2608695652173913,0.0
q2,sde,24,0.4,0.25,0.0
q2,sde,25,0.4166666666666667,0.24,0.0
q2,sde,26,0.43333333333333335,0.2692307692307692,0.0
q2,sde,27,0.45,0.25925925925925924,0.0
q2,sde,28,0.4666666666666667,0.25,0.0
q2,sde,29,0.48333333333333334,0.2413793103448276,0.0
q2,sde,30,0.5,0.23333333333333334,0.0
q2,sde,31,0.5166666666666667,0.25806451612903225,0.0
q2,sde,32,0.5333333333333333,0.25,0.0
q2,sde,33,0.55,0.24242424242424243,0.0
q2,sde,34,0.5666666666666667,0.23529411764705882,0.0
q2,sde,35,0.5833333333333334,0.22857142857142856,0.0
q2,sde,36,0.6,0.2222222222222222,0.0
q2,sde,37,0.6166666666666667,0.21621621621621623,0.0
q2,sde,38,0.6333333333333333,0.21052631578947367,0.0
q2,sde,39,0.65,0.23076923076923078,0.0
q2,sde,40,0.6666666666666666,0.25,0.03255348926243032
q2,sde,41,0.6833333333333333,0.24390243902439024,0.04634920634920634
q2,sde,42,0.7,0.2619047619047619,0.048
q2,sde,43,0.7166666666666667,0.27906976744186046,0.051324878246753254
q2,sde,44,0.7333333333333333,0.29545454545454547,0.052131523565443844
q2,sde,45,0.75,0.3111111111111111,0.07315758896151053
q2,sde,46,0.7666666666666667,0.32608695652173914,0.1055951685174362
q2,sde,47,0.7833333333333333,0.3404255319148936,0.10715304238852479
q2,sde,48,0.8,0.3333333333333333,0.11324019569628975
q2,sde,49,0.8166666666666667,0.3469387755102041,0.1215023678151292
q2,sde,50,0.8333333333333334,0.36,0.13333333333333333
q2,sde,51,0.85,0.35294117647058826,0.16
q2,sde,52,0.8666666666666667,0.36538461538461536,0.16
q2,sde,53,0.8833333333333333,0.37735849056603776,0.16
q2,sde,54,0.9,0.3888888888888889,0.16128774708266122
q2,sde,55,0.9166666666666666,0.4,0.16879687499999999
q2,sde,56,0.9333333333333333,0.4107142857142857,0.23666161616161613
q2,sde,57,0.95,0.42105263157894735,0.24
q2,sde,58,0.9666666666666667,0.43103448275862066,0.25333333333333335
q2,sde,59,0.9833333333333333,0.4406779661016949,0.29600000000000004
q2,sde,60,1.0,0.45,0.37733384427008476
q2,exact_dsde,1,0.016666666666666666,0.0,0.0
q2,exact_dsde,2,0.03333333333333333,0.5,0.0
q2,exact_dsde,3,0.05,0.3333333333333333,0.0
q2,exact_dsde,4,0.06666666666666667,0.5,0.0
q2,exact_dsde,5,0.08333333333333333,0.4,0.0
q2,exact_dsde,6,0.1,0.3333333333333333,0.0
q2,exact_dsde,7,0.11666666666666667,0.2857142857142857,0.0
q2,exact_dsde,8,0.13333333333333333,0.25,0.0
q2,exact_dsde,9,0.15,0.2222222222222222,0.0
q2,exact_dsde,10,0.16666666666666666,0.2,0.0
q2,exact_dsde,11,0.18333333333333332,0.18181818181818182,0.0
q2,exact_dsde,12,0.2,0.16666666666666666,0.0
q2,exact_dsde,13,0.21666666666666667,0.15384615384615385,0.0
q2,exact_dsde,14,0.23333333333333334,0.14285714285714285,0.0
q2,exact_dsde,15,0.25,0.13333333333333333,0.0
q2,exact_dsde,16,0.26666666666666666,0.1875,0.0
q2,exact_dsde,17,0.2833333333333333,0.17647058823529413,0.0
q2,exact_dsde,18,0.3,0.2222222222222222,0.0
q2,exact_dsde,19,0.31666666666666665,0.21052631578947367,0.0
q2,exact_dsde,20,0.3333333333333333,0.2,0.0
q2,exact_dsde,21,0.35,0.23809523809523808,0.0
q2,exact_dsde,22,0.36666666666666664,0.2727272727272727,0.0
q2,exact_dsde,23,0.38333333333333336,0.2608695652173913,0.0
q2,exact_dsde,24,0.4,0.25,0.0
q2,exact_dsde,25,0.4166666666666667,0.24,0.0
q2,exact_dsde,26,0.43333333333333335,0.2692307692307692,0.0
q2,exact_dsde,27,0.45,0.25925925925925924,0.0
q2,exact_dsde,28,0.4666666666666667,0.25,0.0
q2,exact_dsde,29,0.48333333333333334,0.2413793103448276,0.0
q2,exact_dsde,30,0.5,0.23333333333333334,0.0
q2,exact_dsde,31,0.5166666666666667,0.25806451612903225,0.0
q2,exact_dsde,32,0.5333333333333333,0.25,0.0
q2,exact_dsde,33,0.55,0.24242424242424243,0.0
q2,exact_dsde,34,0.5666666666666667,0.23529411764705882,0.0
q2,exact_dsde,35,0.5833333333333334,0.22857142857142856,0.0
q2,exact_dsde,36,0.6,0.2222222222222222,0.0
q2,exact_dsde,37,0.6166666666666667,0.21621621621621623,0.0
q2,exact_dsde,38,0.6333333333333333,0.21052631578947367,0.0
q2,exact_dsde,39,0.65,0.23076923076923078,0.0
q2,exact_dsde,40,0.6666666666666666,0.25,0.12000000000000001
q2,exact_dsde,41,0.6833333333333333,0.2682926829268293,0.13333333333333333
q2,exact_dsde,42,0.7,0.2857142857142857,0.15
q2,exact_dsde,43,0.7166666666666667,0.3023255813953488,0.19999999999999998
q2,exact_dsde,44,0.7333333333333333,0.29545454545454547,0.2
q2,exact_dsde,45,0.75,0.28888888888888886,0.2
q2,exact_dsde,46,0.7666666666666667,0.30434782608695654,0.2
q2,exact_dsde,47,0.7833333333333333,0.3191489361702128,0.2
q2,exact_dsde,48,0.8,0.3333333333333333,0.2
q2,exact_dsde,49,0.8166666666666667,0.3469387755102041,0.2
q2,exact_dsde,50,0.8333333333333334,0.36,0.4
q2,exact_dsde,51,0.85,0.37254901960784315,0.6
q2,exact_dsde,52,0.8666666666666667,0.38461538461538464,0.6
q2,exact_dsde,53,0.8833333333333333,0.39622641509433965,0.6666666666666666
q2,exact_dsde,54,0.9,0.4074074074074074,0.8
q2,exact_dsde,55,0.9166666666666666,0.41818181818181815,0.8
q2,exact_dsde,56,0.9333333333333333,0.42857142857142855,0.8
q2,exact_dsde,57,0.95,0.42105263157894735,0.8
q2,exact_dsde,58,0.9666666666666667,0.43103448275862066,0.8
q2,exact_dsde,59,0.9833333333333333,0.4406779661016949,0.8
q2,exact_dsde,60,1.0,0.45,0.8
q2,exact_sde,1,0.016666666666666666,0.0,0.0
q2,exact_sde,2,0.03333333333333333,0.5,0.0
q2,exact_sde,3,0.05,0.3333333333333333,0.0
q2,exact_sde,4,0.06666666666666667,0.5,0.0
q2,exact_sde,5,0.08333333333333333,0.4,0.0
q2,exact_sde,6,0.1,0.3333333333333333,0.0
q2,exact_sde,7,0.11666666666666667,0.2857142857142857,0.0
q2,exact_sde,8,0.13333333333333333,0.25,0.0
q2,exact_sde,9,0.15,0.2222222222222222,0.0
q2,exact_sde,10,0.16666666666666666,0.2,0.0
q2,exact_sde,11,0.18333333333333332,0.18181818181818182,0.0
q2,exact_sde,12,0.2,0.16666666666666666,0.0
q2,exact_sde,13,0.21666666666666667,0.15384615384615385,0.0
q2,exact_sde,14,0.23333333333333334,0.14285714285714285,0.0
q2,exact_sde,15,0.25,0.13333333333333333,0.0
q2,exact_sde,16,0.26666666666666666,0.1875,0.0
q2,exact_sde,17,0.2833333333333333,0.17647058823529413,0.0
q2,exact_sde,18,0.3,0.2222222222222222,0.0
q2,exact_sde,19,0.31666666666666665,0.21052631578947367,0.0
q2,exact_sde,20,0.3333333333333333,0.2,0.0
q2,exact_sde,21,0.35,0.23809523809523808,0.0
q2,exact_sde,22,0.36666666666666664,0.2727272727272727,0.0
q2,exact_sde,23,0.38333333333333336,0.2608695652173913,0.0
q2,exact_sde,24,0.4,0.25,0.0
q2,exact_sde,25,0.4166666666666667,0.24,0.0
q2,exact_sde,26,0.43333333333333335,0.2692307692307692,0.0
q2,exact_sde,27,0.45,0.25925925925925924,0.0
q2,exact_sde,28,0.4666666666666667,0.25,0.0
q2,exact_sde,29,0.48333333333333334,0.2413793103448276,0.0
q2,exact_sde,30,0.5,0.23333333333333334,0.0
q2,exact_sde,31,0.5166666666666667,0.25806451612903225,0.0
q2,exact_sde,32,0.5333333333333333,0.25,0.0
q2,exact_sde,33,0.55,0.24242424242424243,0.0
q2,exact_sde,34,0.5666666666666667,0.23529411764705882,0.0
q2,exact_sde,35,0.5833333333333334,0.22857142857142856,0.0
q2,exact_sde,36,0.6,0.2222222222222222,0.0
q2,exact_sde,37,0.6166666666666667,0.21621621621621623,0.0
q2,exact_sde,38,0.6333333333333333,0.21052631578947367,0.0
q2,exact_sde,39,0.65,0.23076923076923078,0.0
q2,exact_sde,40,0.6666666666666666,0.25,0.048
q2,exact_sde,41,0.6833333333333333,0.2682926829268293,0.10666666666666666
q2,exact_sde,42,0.7,0.2857142857142857,0.12
q2,exact_sde,43,0.7166666666666667,0.3023255813953488,0.13333333333333333
q2,exact_sde,44,0.7333333333333333,0.29545454545454547,0.16
q2,exact_sde,45,0.75,0.28888888888888886,0.16
q2,exact_sde,46,0.7666666666666667,0.30434782608695654,0.16
q2,exact_sde,47,0.7833333333333333,0.3191489361702128,0.16
q2,exact_sde,48,0.8,0.3333333333333333,0.16
q2,exact_sde,49,0.8166666666666667,0.3469387755102041,0.16
q2,exact_sde,50,0.8333333333333334,0.36,0.24
q2,exact_sde,51,0.85,0.37254901960784315,0.24
q2,exact_sde,52,0.8666666666666667,0.38461538461538464,0.25333333333333335
q2,exact_sde,53,0.8833333333333333,0.39622641509433965,0.28
q2,exact_sde,54,0.9,0.4074074074074074,0.28
q2,exact_sde,55,0.9166666666666666,0.41818181818181815,0.28
q2,exact_sde,56,0.9333333333333333,0.42857142857142855,0.36
q2,exact_sde,57,0.95,0.43859649122807015,0.36
q2,exact_sde,58,0.9666666666666667,0.4482758620689655,0.36
q2,exact_sde,59,0.9833333333333333,0.4406779661016949,0.4
q2,exact_sde,60,1.0,0.45,0.4
q2,mean_nll,1,0.018518518518518517,0.0,0.00035901068366307157
q2,mean_nll,2,0.037037037037037035,0.0,0.0009884595575198791
q2,mean_nll,3,0.05555555555555555,0.0,0.001214265057722232
q2,mean_nll,4,0.07407407407407407,0.0,0.0018752543469621027
q2,mean_nll,5,0.09259259259259259,0.0,0.0026353554651577546
q2,mean_nll,6,0.1111111111111111,0.0,0.003184972563414848
q2,mean_nll,7,0.12962962962962962,0.0,0.004521270106502685
q2,mean_nll,8,0.14814814814814814,0.125,0.005355993831951321
q2,mean_nll,9,0.16666666666666666,0.1111111111111111,0.006686511002853518
q2,mean_nll,10,0.18518518518518517,0.1,0.0083540939772049
q2,mean_nll,11,0.2037037037037037,0.09090909090909091,0.011567025319255556
q2,mean_nll,12,0.2222222222222222,0.08333333333333333,0.01185813112823153
q2,mean_nll,13,0.24074074074074073,0.07692307692307693,0.012504352982926589
q2,mean_nll,14,0.25925925925925924,0.07142857142857142,0.013202219562867365
q2,mean_nll,15,0.2777777777777778,0.13333333333333333,0.01370055628348344
q2,mean_nll,16,0.2962962962962963,0.125,0.014156187949401289
q2,mean_nll,17,0.3148148148148148,0.11764705882352941,0.014601096379679705
q2,mean_nll,18,0.3333333333333333,0.16666666666666666,0.016143247789298956
q2,mean_nll,19,0.35185185185185186,0.21052631578947367,0.020633044698011898
q2,mean_nll,20,0.37037037037037035,0.2,0.02121522756753734
q2,mean_nll,21,0.3888888888888889,0.19047619047619047,0.022722340918030506
q2,mean_nll,22,0.4074074074074074,0.18181818181818182,0.023177443160450506
q2,mean_nll,23,0.42592592592592593,0.21739130434782608,0.0253675034044065
q2,mean_nll,24,0.4444444444444444,0.25,0.031534167161923476
q2,mean_nll,25,0.46296296296296297,0.24,0.03176053666552261
q2,mean_nll,26,0.48148148148148145,0.23076923076923078,0.03182304816080573
q2,mean_nll,27,0.5,0.25925925925925924,0.03390229157879787
q2,mean_nll,28,0.5185185185185185,0.25,0.03470346741908337
q2,mean_nll,29,0.5370370370370371,0.2413793103448276,0.03498183385505045
q2,mean_nll,30,0.5555555555555556,0.26666666666666666,0.03762716020818539
q2,mean_nll,31,0.5740740740740741,0.2903225806451613,0.03853301950343383
q2,mean_nll,32,0.5925925925925926,0.28125,0.04098111860342225
q2,mean_nll,33,0.6111111111111112,0.30303030303030304,0.04361992824065173
q2,mean_nll,34,0.6296296296296297,0.3235294117647059,0.048036131392345006
q2,mean_nll,35,0.6481481481481481,0.3142857142857143,0.049879432638834056
q2,mean_nll,36,0.6666666666666666,0.3333333333333333,0.05654237459888543
q2,mean_nll,37,0.6851851851851852,0.32432432432432434,0.05802905636387587
q2,mean_nll,38,0.7037037037037037,0.34210526315789475,0.06574809605030386
q2,mean_nll,39,0.7222222222222222,0.3333333333333333,0.06696946463455815
q2,mean_nll,40,0.7407407407407407,0.325,0.06698179246324043
q2,mean_nll,41,0.7592592592592593,0.34146341463414637,0.0680942629693703
q2,mean_nll,42,0.7777777777777778,0.35714285714285715,0.06927937648474743
q2,mean_nll,43,0.7962962962962963,0.3488372093023256,0.07319006130998529
q2,mean_nll,44,0.8148148148148148,0.3409090909090909,0.08020095751904224
q2,mean_nll,45,0.8333333333333334,0.35555555555555557,0.08963424706401764
q2,mean_nll,46,0.8518518518518519,0.34782608695652173,0.09779618288775223
q2,mean_nll,47,0.8703703703703703,0.3617021276595745,0.12270517527052544
q2,mean_nll,48,0.8888888888888888,0.375,0.12455668297682776
q2,mean_nll,49,0.9074074074074074,0.3877551020408163,0.13103969287408757
q2,mean_nll,50,0.9259259259259259,0.4,0.14203581119531866
q2,mean_nll,51,0.9444444444444444,0.4117647058823529,0.16620785501530513
q2,mean_nll,52,0.9629629629629629,0.4230769230769231,0.19706121424072293
q2,mean_nll,53,0.9814814814814815,0.4339622641509434,0.20753102279779526
q2,mean_nll,54,1.0,0.4444444444444444,0.35396631288720765
q4,dsde,1,0.016666666666666666,0.0,0.0
q4,dsde,2,0.03333333333333333,0.0,0.0
q4,dsde,3,0.05,0.3333333333333333,0.0
q4,dsde,4,0.06666666666666667,0.25,0.0
q4,dsde,5,0.08333333333333333,0.2,0.0
q4,dsde,6,0.1,0.3333333333333333,0.0
q4,dsde,7,0.11666666666666667,0.2857142857142857,0.0
q4,dsde,8,0.13333333333333333,0.25,0.0
q4,dsde,9,0.15,0.2222222222222222,0.0
q4,dsde,10,0.16666666666666666,0.2,0.0
q4,dsde,11,0.18333333333333332,0.18181818181818182,0.0
q4,dsde,12,0.2,0.16666666666666666,0.0
q4,dsde,13,0.21666666666666667,0.15384615384615385,0.0
q4,dsde,14,0.23333333333333334,0.14285714285714285,0.0
q4,dsde,15,0.25,0.13333333333333333,0.0
q4,dsde,16,0.26666666666666666,0.1875,0.0
q4,dsde,17,0.2833333333333333,0.23529411764705882,0.0
q4,dsde,18,0.3,0.2222222222222222,0.0
q4,dsde,19,0.31666666666666665,0.2631578947368421,0.0
q4,dsde,20,0.3333333333333333,0.25,0.0
q4,dsde,21,0.35,0.23809523809523808,0.0
q4,dsde,22,0.36666666666666664,0.22727272727272727,0.0
q4,dsde,23,0.38333333333333336,0.21739130434782608,0.0
q4,dsde,24,0.4,0.20833333333333334,0.0
q4,dsde,25,0.4166666666666667,0.2,0.0
q4,dsde,26,0.43333333333333335,0.19230769230769232,0.0
q4,dsde,27,0.45,0.2222222222222222,0.0
q4,dsde,28,0.4666666666666667,0.21428571428571427,0.0
q4,dsde,29,0.48333333333333334,0.2413793103448276,0.0
q4,dsde,30,0.5,0.23333333333333334,0.0
q4,dsde,31,0.5166666666666667,0.25806451612903225,0.0
q4,dsde,32,0.5333333333333333,0.25,0.0
q4,dsde,33,0.55,0.24242424242424243,0.0
q4,dsde,34,0.5666666666666667,0.23529411764705882,0.0
q4,dsde,35,0.5833333333333334,0.22857142857142856,0.0
q4,dsde,36,0.6,0.2222222222222222,0.0
q4,dsde,37,0.6166666666666667,0.21621621621621623,0.0
q4,dsde,38,0.6333333333333333,0.21052631578947367,0.0
q4,dsde,39,0.65,0.20512820512820512,0.0
q4,dsde,40,0.6666666666666666,0.2,0.0
q4,dsde,41,0.6833333333333333,0.1951219512195122,0.0
q4,dsde,42,0.7,0.19047619047619047,0.0
q4,dsde,43,0.7166666666666667,0.18604651162790697,0.02809224318658281
q4,dsde,44,0.7333333333333333,0.20454545454545456,0.029166666666666667
q4,dsde,45,0.75,0.2222222222222222,0.03529468318140193
q4,dsde,46,0.7666666666666667,0.2391304347826087,0.050588409057322314
q4,dsde,47,0.7833333333333333,0.2553191489361702,0.08019607843137255
q4,dsde,48,0.8,0.2708333333333333,0.1
q4,dsde,49,0.8166666666666667,0.2857142857142857,0.1026823921246232
q4,dsde,50,0.8333333333333334,0.3,0.13333333333333333
q4,dsde,51,0.85,0.3137254901960784,0.13999999999999999
q4,dsde,52,0.8666666666666667,0.3269230769230769,0.2
q4,dsde,53,0.8833333333333333,0.33962264150943394,0.2024695917896479
q4,dsde,54,0.9,0.3333333333333333,0.3333333333333333
q4,dsde,55,0.9166666666666666,0.34545454545454546,0.4
q4,dsde,56,0.9333333333333333,0.35714285714285715,0.6
q4,dsde,57,0.95,0.3684210526315789,0.6395716246047373
q4,dsde,58,0.9666666666666667,0.3793103448275862,0.6438888888888888
q4,dsde,59,0.9833333333333333,0.3898305084745763,0.66
q4,dsde,60,1.0,0.4,0.8
q4,sde,1,0.016666666666666666,0.0,0.0
q4,sde,2,0.03333333333333333,0.0,0.0
q4,sde,3,0.05,0.3333333333333333,0.0
q4,sde,4,0.06666666666666667,0.25,0.0
q4,sde,5,0.08333333333333333,0.2,0.0
q4,sde,6,0.1,0.3333333333333333,0.0
q4,sde,7,0.11666666666666667,0.2857142857142857,0.0
q4,sde,8,0.13333333333333333,0.25,0.0
q4,sde,9,0.15,0.2222222222222222,0.0
q4,sde,10,0.16666666666666666,0.2,0.0
q4,sde,11,0.18333333333333332,0.18181818181818182,0.0
q4,sde,12,0.2,0.16666666666666666,0.0
q4,sde,13,0.21666666666666667,0.15384615384615385,0.0
q4,sde,14,0.23333333333333334,0.14285714285714285,0.0
q4,sde,15,0.25,0.13333333333333333,0.0
q4,sde,16,0.26666666666666666,0.1875,0.0
q4,sde,17,0.2833333333333333,0.23529411764705882,0.0
q4,sde,18,0.3,0.2222222222222222,0.0
q4,sde,19,0.31666666666666665,0.2631578947368421,0.0
q4,sde,20,0.3333333333333333,0.25,0.0
q4,sde,21,0.35,0.23809523809523808,0.0
q4,sde,22,0.36666666666666664,0.22727272727272727,0.0
q4,sde,23,0.38333333333333336,0.21739130434782608,0.0
q4,sde,24,0.4,0.20833333333333334,0.0
q4,sde,25,0.4166666666666667,0.2,0.0
q4,sde,26,0.43333333333333335,0.19230769230769232,0.0
q4,sde,27,0.45,0.2222222222222222,0.0
q4,sde,28,0.4666666666666667,0.21428571428571427,0.0
q4,sde,29,0.48333333333333334,0.2413793103448276,0.0
q4,sde,30,0.5,0.23333333333333334,0.0
q4,sde,31,0.5166666666666667,0.25806451612903225,0.0
q4,sde,32,0.5333333333333333,0.25,0.0
q4,sde,33,0.55,0.24242424242424243,0.0
q4,sde,34,0.5666666666666667,0.23529411764705882,0.0
q4,sde,35,0.5833333333333334,0.22857142857142856,0.0
q4,sde,36,0.6,0.2222222222222222,0.0
q4,sde,37,0.6166666666666667,0.21621621621621623,0.0
q4,sde,38,0.6333333333333333,0.21052631578947367,0.0
q4,sde,39,0.65,0.20512820512820512,0.0
q4,sde,40,0.6666666666666666,0.2,0.0
q4,sde,41,0.6833333333333333,0.1951219512195122,0.0
q4,sde,42,0.7,0.19047619047619047,0.0
q4,sde,43,0.7166666666666667,0.18604651162790697,0.02247379454926625
q4,sde,44,0.7333333333333333,0.20454545454545456,0.023333333333333334
q4,sde,45,0.75,0.2222222222222222,0.028235746545121544
q4,sde,46,0.7666666666666667,0.2391304347826087,0.04047072724585785
q4,sde,47,0.7833333333333333,0.2553191489361702,0.06415686274509805
q4,sde,48,0.8,0.2708333333333333,0.07999999999999999
q4,sde,49,0.8166666666666667,0.2857142857142857,0.08
q4,sde,50,0.8333333333333334,0.3,0.08214591369969856
q4,sde,51,0.85,0.3137254901960784,0.11199999999999999
q4,sde,52,0.8666666666666667,0.3269230769230769,0.11370373260359834
q4,sde,53,0.8833333333333333,0.33962264150943394,0.16
q4,sde,54,0.9,0.35185185185185186,0.16
q4,sde,55,0.9166666666666666,0.34545454545454546,0.24
q4,sde,56,0.9333333333333333,0.35714285714285715,0.24
q4,sde,57,0.95,0.3684210526315789,0.24600000000000002
q4,sde,58,0.9666666666666667,0.3793103448275862,0.2487777777777778
q4,sde,59,0.9833333333333333,0.3898305084745763,0.24904622259460968
q4,sde,60,1.0,0.4,0.304910051416674
q4,exact_dsde,1,0.016666666666666666,0.0,0.0
q4,exact_dsde,2,0.03333333333333333,0.0,0.0
q4,exact_dsde,3,0.05,0.3333333333333333,0.0
q4,exact_dsde,4,0.06666666666666667,0.25,0.0
q4,exact_dsde,5,0.08333333333333333,0.2,0.0
q4,exact_dsde,6,0.1,0.3333333333333333,0.0
q4,exact_dsde,7,0.11666666666666667,0.2857142857142857,0.0
q4,exact_dsde,8,0.13333333333333333,0.25,0.0
q4,exact_dsde,9,0.15,0.2222222222222222,0.0
q4,exact_dsde,10,0.16666666666666666,0.2,0.0
q4,exact_dsde,11,0.18333333333333332,0.18181818181818182,0.0
q4,exact_dsde,12,0.2,0.16666666666666666,0.0
q4,exact_dsde,13,0.21666666666666667,0.15384615384615385,0.0
q4,exact_dsde,14,0.23333333333333334,0.14285714285714285,0.0
q4,exact_dsde,15,0.25,0.13333333333333333,0.0
q4,exact_dsde,16,0.26666666666666666,0.1875,0.0
q4,exact_dsde,17,0.2833333333333333,0.23529411764705882,0.0
q4,exact_dsde,18,0.3,0.2222222222222222,0.0
q4,exact_dsde,19,0.31666666666666665,0.2631578947368421,0.0
q4,exact_dsde,20,0.3333333333333333,0.25,0.0
q4,exact_dsde,21,0.35,0.23809523809523808,0.0
q4,exact_dsde,22,0.36666666666666664,0.22727272727272727,0.0
q4,exact_dsde,23,0.38333333333333336,0.21739130434782608,0.0
q4,exact_dsde,24,0.4,0.20833333333333334,0.0
q4,exact_dsde,25,0.4166666666666667,0.2,0.0
q4,exact_dsde,26,0.43333333333333335,0.19230769230769232,0.0
q4,exact_dsde,27,0.45,0.2222222222222222,0.0
q4,exact_dsde,28,0.4666666666666667,0.21428571428571427,0.0
q4,exact_dsde,29,0.48333333333333334,0.2413793103448276,0.0
q4,exact_dsde,30,0.5,0.23333333333333334,0.0
q4,exact_dsde,31,0.5166666666666667,0.25806451612903225,0.0
q4,exact_dsde,32,0.5333333333333333,0.25,0.0
q4,exact_dsde,33,0.55,0.24242424242424243,0.0
q4,exact_dsde,34,0.5666666666666667,0.23529411764705882,0.0
q4,exact_dsde,35,0.5833333333333334,0.22857142857142856,0.0
q4,exact_dsde,36,0.6,0.2222222222222222,0.0
q4,exact_dsde,37,0.6166666666666667,0.21621621621621623,0.0
q4,exact_dsde,38,0.6333333333333333,0.21052631578947367,0.0
q4,exact_dsde,39,0.65,0.20512820512820512,0.0
q4,exact_dsde,40,0.6666666666666666,0.2,0.0
q4,exact_dsde,41,0.6833333333333333,0.1951219512195122,0.0
q4,exact_dsde,42,0.7,0.19047619047619047,0.0
q4,exact_dsde,43,0.7166666666666667,0.20930232558139536,0.06666666666666667
q4,exact_dsde,44,0.7333333333333333,0.22727272727272727,0.13333333333333333
q4,exact_dsde,45,0.75,0.2222222222222222,0.13333333333333333
q4,exact_dsde,46,0.7666666666666667,0.2391304347826087,0.13333333333333333
q4,exact_dsde,47,0.7833333333333333,0.2553191489361702,0.13333333333333333
q4,exact_dsde,48,0.8,0.2708333333333333,0.2
q4,exact_dsde,49,0.8166666666666667,0.2857142857142857,0.2
q4,exact_dsde,50,0.8333333333333334,0.3,0.2
q4,exact_dsde,51,0.85,0.3137254901960784,0.2
q4,exact_dsde,52,0.8666666666666667,0.3269230769230769,0.2
q4,exact_dsde,53,0.8833333333333333,0.32075471698113206,0.3333333333333333
q4,exact_dsde,54,0.9,0.3333333333333333,0.4
q4,exact_dsde,55,0.9166666666666666,0.34545454545454546,0.6
q4,exact_dsde,56,0.9333333333333333,0.35714285714285715,0.6
q4,exact_dsde,57,0.95,0.3684210526315789,0.6
q4,exact_dsde,58,0.9666666666666667,0.3793103448275862,0.8
q4,exact_dsde,59,0.9833333333333333,0.3898305084745763,0.8
q4,exact_dsde,60,1.0,0.4,0.8
q4,exact_sde,1,0.016666666666666666,0.0,0.0
q4,exact_sde,2,0.03333333333333333,0.0,0.0
q4,exact_sde,3,0.05,0.3333333333333333,0.0
q4,exact_sde,4,0.06666666666666667,0.25,0.0
q4,exact_sde,5,0.08333333333333333,0.2,0.0
q4,exact_sde,6,0.1,0.3333333333333333,0.0
q4,exact_sde,7,0.11666666666666667,0.2857142857142857,0.0
q4,exact_sde,8,0.13333333333333333,0.25,0.0
q4,exact_sde,9,0.15,0.2222222222222222,0.0
q4,exact_sde,10,0.16666666666666666,0.2,0.0
q4,exact_sde,11,0.18333333333333332,0.18181818181818182,0.0
q4,exact_sde,12,0.2,0.16666666666666666,0.0
q4,exact_sde,13,0.21666666666666667,0.15384615384615385,0.0
q4,exact_sde,14,0.23333333333333334,0.14285714285714285,0.0
q4,exact_sde,15,0.25,0.13333333333333333,0.0
q4,exact_sde,16,0.26666666666666666,0.1875,0.0
q4,exact_sde,17,0.2833333333333333,0.23529411764705882,0.0
q4,exact_sde,18,0.3,0.2222222222222222,0.0
q4,exact_sde,19,0.31666666666666665,0.2631578947368421,0.0
q4,exact_sde,20,0.3333333333333333,0.25,0.0
q4,exact_sde,21,0.35,0.23809523809523808,0.0
q4,exact_sde,22,0.36666666666666664,0.22727272727272727,0.0
q4,exact_sde,23,0.38333333333333336,0.21739130434782608,0.0
q4,exact_sde,24,0.4,0.20833333333333334,0.0
q4,exact_sde,25,0.4166666666666667,0.2,0.0
q4,exact_sde,26,0.43333333333333335,0.19230769230769232,0.0
q4,exact_sde,27,0.45,0.2222222222222222,0.0
q4,exact_sde,28,0.4666666666666667,0.21428571428571427,0.0
q4,exact_sde,29,0.48333333333333334,0.2413793103448276,0.0
q4,exact_sde,30,0.5,0.23333333333333334,0.0
q4,exact_sde,31,0.5166666666666667,0.25806451612903225,0.0
q4,exact_sde,32,0.5333333333333333,0.25,0.0
q4,exact_sde,33,0.55,0.24242424242424243,0.0
q4,exact_sde,34,0.5666666666666667,0.23529411764705882,0.0
q4,exact_sde,35,0.5833333333333334,0.22857142857142856,0.0
q4,exact_sde,36,0.6,0.2222222222222222,0.0
q4,exact_sde,37,0.6166666666666667,0.21621621621621623,0.0
q4,exact_sde,38,0.6333333333333333,0.21052631578947367,0.0
q4,exact_sde,39,0.65,0.20512820512820512,0.0
q4,exact_sde,40,0.6666666666666666,0.2,0.0
q4,exact_sde,41,0.6833333333333333,0.1951219512195122,0.0
q4,exact_sde,42,0.7,0.19047619047619047,0.0
q4,exact_sde,43,0.7166666666666667,0.20930232558139536,0.05333333333333333
q4,exact_sde,44,0.7333333333333333,0.22727272727272727,0.07999999999999999
q4,exact_sde,45,0.75,0.24444444444444444,0.10666666666666666
q4,exact_sde,46,0.7666666666666667,0.2391304347826087,0.10666666666666666
q4,exact_sde,47,0.7833333333333333,0.2553191489361702,0.10666666666666666
q4,exact_sde,48,0.8,0.2708333333333333,0.16
q4,exact_sde,49,0.8166666666666667,0.2857142857142857,0.16
q4,exact_sde,50,0.8333333333333334,0.3,0.16
q4,exact_sde,51,0.85,0.3137254901960784,0.16
q4,exact_sde,52,0.8666666666666667,0.3269230769230769,0.16
q4,exact_sde,53,0.8833333333333333,0.33962264150943394,0.16
q4,exact_sde,54,0.9,0.3333333333333333,0.24
q4,exact_sde,55,0.9166666666666666,0.34545454545454546,0.24
q4,exact_sde,56,0.9333333333333333,0.35714285714285715,0.28
q4,exact_sde,57,0.95,0.3684210526315789,0.32
q4,exact_sde,58,0.9666666666666667,0.3793103448275862,0.36
q4,exact_sde,59,0.9833333333333333,0.3898305084745763,0.36
q4,exact_sde,60,1.0,0.4,0.4
q4,mean_nll,1,0.017241379310344827,0.0,0.001140218927325951
q4,mean_nll,2,0.034482758620689655,0.0,0.004380618796896303
q4,mean_nll,3,0.05172413793103448,0.0,0.004396170786749366
q4,mean_nll,4,0.06896551724137931,0.0,0.005619603885808969
q4,mean_nll,5,0.08620689655172414,0.0,0.0056928620686154995
q4,mean_nll,6,0.10344827586206896,0.0,0.007211458983655141
q4,mean_nll,7,0.1206896551724138,0.0,0.0074027380157460675
q4,mean_nll,8,0.13793103448275862,0.0,0.007946869168319467
q4,mean_nll,9,0.15517241379310345,0.0,0.008188307453863786
q4,mean_nll,10,0.1724137931034483,0.0,0.01003058617730955
q4,mean_nll,11,0.1896551724137931,0.0,0.01175134348996927
q4,mean_nll,12,0.20689655172413793,0.08333333333333333,0.012595160245845047
q4,mean_nll,13,0.22413793103448276,0.07692307692307693,0.013013672688756212
q4,mean_nll,14,0.2413793103448276,0.07142857142857142,0.014181818201388568
q4,mean_nll,15,0.25862068965517243,0.06666666666666667,0.015593575034673722
q4,mean_nll,16,0.27586206896551724,0.0625,0.015650122178286503
q4,mean_nll,17,0.29310344827586204,0.058823529411764705,0.0159000491915068
q4,mean_nll,18,0.3103448275862069,0.1111111111111111,0.016271680618571843
q4,mean_nll,19,0.3275862068965517,0.10526315789473684,0.01701265154925765
q4,mean_nll,20,0.3448275862068966,0.15,0.018502602896520136
q4,mean_nll,21,0.3620689655172414,0.14285714285714285,0.019700903396097504
q4,mean_nll,22,0.3793103448275862,0.13636363636363635,0.019730540453223894
q4,mean_nll,23,0.39655172413793105,0.13043478260869565,0.01985146262098748
q4,mean_nll,24,0.41379310344827586,0.125,0.01988115053018873
q4,mean_nll,25,0.43103448275862066,0.12,0.020258269029113554
q4,mean_nll,26,0.4482758620689655,0.11538461538461539,0.020422700444756293
q4,mean_nll,27,0.46551724137931033,0.14814814814814814,0.020792513403395656
q4,mean_nll,28,0.4827586206896552,0.14285714285714285,0.02115847555133555
q4,mean_nll,29,0.5,0.1724137931034483,0.02298238241825493
q4,mean_nll,30,0.5172413793103449,0.16666666666666666,0.023468699996595788
q4,mean_nll,31,0.5344827586206896,0.16129032258064516,0.0234766443826364
q4,mean_nll,32,0.5517241379310345,0.1875,0.028858752665158752
q4,mean_nll,33,0.5689655172413793,0.21212121212121213,0.029656090989174752
q4,mean_nll,34,0.5862068965517241,0.20588235294117646,0.02966611940173088
q4,mean_nll,35,0.603448275862069,0.22857142857142856,0.029973320566699
q4,mean_nll,36,0.6206896551724138,0.25,0.03014837215432652
q4,mean_nll,37,0.6379310344827587,0.24324324324324326,0.030184393725397347
q4,mean_nll,38,0.6551724137931034,0.23684210526315788,0.030421844302410524
q4,mean_nll,39,0.6724137931034483,0.23076923076923078,0.03128025280530923
q4,mean_nll,40,0.6896551724137931,0.225,0.031819847036984004
q4,mean_nll,41,0.7068965517241379,0.21951219512195122,0.03308147547464498
q4,mean_nll,42,0.7241379310344828,0.21428571428571427,0.034544607756083555
q4,mean_nll,43,0.7413793103448276,0.23255813953488372,0.03803230832582224
q4,mean_nll,44,0.7586206896551724,0.22727272727272727,0.038212355542862016
q4,mean_nll,45,0.7758620689655172,0.24444444444444444,0.03841968975196083
q4,mean_nll,46,0.7931034482758621,0.2608695652173913,0.04094383855190513
q4,mean_nll,47,0.8103448275862069,0.2765957446808511,0.04112305555253915
q4,mean_nll,48,0.8275862068965517,0.2916666666666667,0.04251073890616946
q4,mean_nll,49,0.8448275862068966,0.30612244897959184,0.044346131798339024
q4,mean_nll,50,0.8620689655172413,0.3,0.045038435266991646
q4,mean_nll,51,0.8793103448275862,0.3137254901960784,0.04649611154318879
q4,mean_nll,52,0.896551724137931,0.3269230769230769,0.04843692361801338
q4,mean_nll,53,0.9137931034482759,0.32075471698113206,0.05048597110281832
q4,mean_nll,54,0.9310344827586207,0.3333333333333333,0.08374336952681156
q4,mean_nll,55,0.9482758620689655,0.34545454545454546,0.09005298581174026
q4,mean_nll,56,0.9655172413793104,0.35714285714285715,0.1288791417130587
q4,mean_nll,57,0.9827586206896551,0.3684210526315789,0.17965948659260844
q4,mean_nll,58,1.0,0.3793103448275862,0.1933824273617599
q8,dsde,1,0.016666666666666666,1.0,0.0
q8,dsde,2,0.03333333333333333,0.5,0.0
q8,dsde,3,0.05,0.3333333333333333,0.0
q8,dsde,4,0.06666666666666667,0.5,0.0
q8,dsde,5,0.08333333333333333,0.6,0.0
q8,dsde,6,0.1,0.5,0.0
q8,dsde,7,0.11666666666666667,0.42857142857142855,0.0
q8,dsde,8,0.13333333333333333,0.5,0.0
q8,dsde,9,0.15,0.4444444444444444,0.0
q8,dsde,10,0.16666666666666666,0.4,0.0
q8,dsde,11,0.18333333333333332,0.36363636363636365,0.0
q8,dsde,12,0.2,0.3333333333333333,0.0
q8,dsde,13,0.21666666666666667,0.3076923076923077,0.0
q8,dsde,14,0.23333333333333334,0.2857142857142857,0.0
q8,dsde,15,0.25,0.26666666666666666,0.0
q8,dsde,16,0.26666666666666666,0.3125,0.0
q8,dsde,17,0.2833333333333333,0.29411764705882354,0.0
q8,dsde,18,0.3,0.2777777777777778,0.0
q8,dsde,19,0.31666666666666665,0.3157894736842105,0.0
q8,dsde,20,0.3333333333333333,0.3,0.0
q8,dsde,21,0.35,0.2857142857142857,0.0
q8,dsde,22,0.36666666666666664,0.2727272727272727,0.0
q8,dsde,23,0.38333333333333336,0.2608695652173913,0.0
q8,dsde,24,0.4,0.25,0.0
q8,dsde,25,0.4166666666666667,0.28,0.0
q8,dsde,26,0.43333333333333335,0.3076923076923077,0.0
q8,dsde,27,0.45,0.2962962962962963,0.0
q8,dsde,28,0.4666666666666667,0.2857142857142857,0.0
q8,dsde,29,0.48333333333333334,0.3103448275862069,0.0
q8,dsde,30,0.5,0.3,0.0
q8,dsde,31,0.5166666666666667,0.3225806451612903,0.0
q8,dsde,32,0.5333333333333333,0.34375,0.0
q8,dsde,33,0.55,0.3333333333333333,0.0
q8,dsde,34,0.5666666666666667,0.35294117647058826,0.0
q8,dsde,35,0.5833333333333334,0.34285714285714286,0.0
q8,dsde,36,0.6,0.3333333333333333,0.0
q8,dsde,37,0.6166666666666667,0.32432432432432434,0.0
q8,dsde,38,0.6333333333333333,0.3157894736842105,0.0
q8,dsde,39,0.65,0.3076923076923077,0.0
q8,dsde,40,0.6666666666666666,0.3,0.0
q8,dsde,41,0.6833333333333333,0.2926829268292683,0.0
q8,dsde,42,0.7,0.30952380952380953,0.0
q8,dsde,43,0.7166666666666667,0.3023255813953488,0.0
q8,dsde,44,0.7333333333333333,0.29545454545454547,0.0
q8,dsde,45,0.75,0.28888888888888886,0.0
q8,dsde,46,0.7666666666666667,0.2826086956521739,0.0
q8,dsde,47,0.7833333333333333,0.2978723404255319,0.021593144065072543
q8,dsde,48,0.8,0.3125,0.03495734734015984
q8,dsde,49,0.8166666666666667,0.32653061224489793,0.050588409057322314
q8,dsde,50,0.8333333333333334,0.32,0.058333333333333334
q8,dsde,51,0.85,0.3333333333333333,0.1311202791584095
q8,dsde,52,0.8666666666666667,0.3269230769230769,0.13333333333333333
q8,dsde,53,0.8833333333333333,0.33962264150943394,0.18888888888888888
q8,dsde,54,0.9,0.35185185185185186,0.2
q8,dsde,55,0.9166666666666666,0.36363636363636365,0.2
q8,dsde,56,0.9333333333333333,0.35714285714285715,0.2053647842492464
q8,dsde,57,0.95,0.3684210526315789,0.21370176797006063
q8,dsde,58,0.9666666666666667,0.3793103448275862,0.2605899103749155
q8,dsde,59,0.9833333333333333,0.3728813559322034,0.4
q8,dsde,60,1.0,0.38333333333333336,0.48902505706853533
q8,sde,1,0.016666666666666666,1.0,0.0
q8,sde,2,0.03333333333333333,0.5,0.0
q8,sde,3,0.05,0.3333333333333333,0.0
q8,sde,4,0.06666666666666667,0.5,0.0
q8,sde,5,0.08333333333333333,0.6,0.0
q8,sde,6,0.1,0.5,0.0
q8,sde,7,0.11666666666666667,0.42857142857142855,0.0
q8,sde,8,0.13333333333333333,0.5,0.0
q8,sde,9,0.15,0.4444444444444444,0.0
q8,sde,10,0.16666666666666666,0.4,0.0
q8,sde,11,0.18333333333333332,0.36363636363636365,0.0
q8,sde,12,0.2,0.3333333333333333,0.0
q8,sde,13,0.21666666666666667,0.3076923076923077,0.0
q8,sde,14,0.23333333333333334,0.2857142857142857,0.0
q8,sde,15,0.25,0.26666666666666666,0.0
q8,sde,16,0.26666666666666666,0.3125,0.0
q8,sde,17,0.2833333333333333,0.29411764705882354,0.0
q8,sde,18,0.3,0.2777777777777778,0.0
q8,sde,19,0.31666666666666665,0.3157894736842105,0.0
q8,sde,20,0.3333333333333333,0.3,0.0
q8,sde,21,0.35,0.2857142857142857,0.0
q8,sde,22,0.36666666666666664,0.2727272727272727,0.0
q8,sde,23,0.38333333333333336,0.2608695652173913,0.0
q8,sde,24,0.4,0.25,0.0
q8,sde,25,0.4166666666666667,0.28,0.0
q8,sde,26,0.43333333333333335,0.3076923076923077,0.0
q8,sde,27,0.45,0.2962962962962963,0.0
q8,sde,28,0.4666666666666667,0.2857142857142857,0.0
q8,sde,29,0.48333333333333334,0.3103448275862069,0.0
q8,sde,30,0.5,0.3,0.0
q8,sde,31,0.5166666666666667,0.3225806451612903,0.0
q8,sde,32,0.5333333333333333,0.34375,0.0
q8,sde,33,0.55,0.3333333333333333,0.0
q8,sde,34,0.5666666666666667,0.35294117647058826,0.0
q8,sde,35,0.5833333333333334,0.34285714285714286,0.0
q8,sde,36,0.6,0.3333333333333333,0.0
q8,sde,37,0.6166666666666667,0.32432432432432434,0.0
q8,sde,38,0.6333333333333333,0.3157894736842105,0.0
q8,sde,39,0.65,0.3076923076923077,0.0
q8,sde,40,0.6666666666666666,0.3,0.0
q8,sde,41,0.6833333333333333,0.2926829268292683,0.0
q8,sde,42,0.7,0.30952380952380953,0.0
q8,sde,43,0.7166666666666667,0.3023255813953488,0.0
q8,sde,44,0.7333333333333333,0.29545454545454547,0.0
q8,sde,45,0.75,0.28888888888888886,0.0
q8,sde,46,0.7666666666666667,0.2826086956521739,0.0
q8,sde,47,0.7833333333333333,0.2978723404255319,0.017274515252058035
q8,sde,48,0.8,0.3125,0.02796587787212787
q8,sde,49,0.8166666666666667,0.30612244897959184,0.035
q8,sde,50,0.8333333333333334,0.32,0.04047072724585785
q8,sde,51,0.85,0.3137254901960784,0.07999999999999999
q8,sde,52,0.8666666666666667,0.3269230769230769,0.10055555555555556
q8,sde,53,0.8833333333333333,0.33962264150943394,0.1048962233267276
q8,sde,54,0.9,0.35185185185185186,0.12664279261840236
q8,sde,55,0.9166666666666666,0.34545454545454546,0.1498855372162145
q8,sde,56,0.9333333333333333,0.35714285714285715,0.16
q8,sde,57,0.95,0.3684210526315789,0.16
q8,sde,58,0.9666666666666667,0.3793103448275862,0.19635394622494928
q8,sde,59,0.9833333333333333,0.3728813559322034,0.24
q8,sde,60,1.0,0.38333333333333336,0.26512783219342295
q8,exact_dsde,1,0.016666666666666666,1.0,0.0
q8,exact_dsde,2,0.03333333333333333,0.5,0.0
q8,exact_dsde,3,0.05,0.3333333333333333,0.0
q8,exact_dsde,4,0.06666666666666667,0.5,0.0
q8,exact_dsde,5,0.08333333333333333,0.6,0.0
q8,exact_dsde,6,0.1,0.5,0.0
q8,exact_dsde,7,0.11666666666666667,0.42857142857142855,0.0
q8,exact_dsde,8,0.13333333333333333,0.5,0.0
q8,exact_dsde,9,0.15,0.4444444444444444,0.0
q8,exact_dsde,10,0.16666666666666666,0.4,0.0
q8,exact_dsde,11,0.18333333333333332,0.36363636363636365,0.0
q8,exact_dsde,12,0.2,0.3333333333333333,0.0
q8,exact_dsde,13,0.21666666666666667,0.3076923076923077,0.0
q8,exact_dsde,14,0.23333333333333334,0.2857142857142857,0.0
q8,exact_dsde,15,0.25,0.26666666666666666,0.0
q8,exact_dsde,16,0.26666666666666666,0.3125,0.0
q8,exact_dsde,17,0.2833333333333333,0.29411764705882354,0.0
q8,exact_dsde,18,0.3,0.2777777777777778,0.0
q8,exact_dsde,19,0.31666666666666665,0.3157894736842105,0.0
q8,exact_dsde,20,0.3333333333333333,0.3,0.0
q8,exact_dsde,21,0.35,0.2857142857142857,0.0
q8,exact_dsde,22,0.36666666666666664,0.2727272727272727,0.0
q8,exact_dsde,23,0.38333333333333336,0.2608695652173913,0.0
q8,exact_dsde,24,0.4,0.25,0.0
q8,exact_dsde,25,0.4166666666666667,0.28,0.0
q8,exact_dsde,26,0.43333333333333335,0.3076923076923077,0.0
q8,exact_dsde,27,0.45,0.2962962962962963,0.0
q8,exact_dsde,28,0.4666666666666667,0.2857142857142857,0.0
q8,exact_dsde,29,0.48333333333333334,0.3103448275862069,0.0
q8,exact_dsde,30,0.5,0.3,0.0
q8,exact_dsde,31,0.5166666666666667,0.3225806451612903,0.0
q8,exact_dsde,32,0.5333333333333333,0.34375,0.0
q8,exact_dsde,33,0.55,0.3333333333333333,0.0
q8,exact_dsde,34,0.5666666666666667,0.35294117647058826,0.0
q8,exact_dsde,35,0.5833333333333334,0.34285714285714286,0.0
q8,exact_dsde,36,0.6,0.3333333333333333,0.0
q8,exact_dsde,37,0.6166666666666667,0.32432432432432434,0.0
q8,exact_dsde,38,0.6333333333333333,0.3157894736842105,0.0
q8,exact_dsde,39,0.65,0.3076923076923077,0.0
q8,exact_dsde,40,0.6666666666666666,0.3,0.0
q8,exact_dsde,41,0.6833333333333333,0.2926829268292683,0.0
q8,exact_dsde,42,0.7,0.30952380952380953,0.0
q8,exact_dsde,43,0.7166666666666667,0.3023255813953488,0.0
q8,exact_dsde,44,0.7333333333333333,0.29545454545454547,0.0
q8,exact_dsde,45,0.75,0.28888888888888886,0.0
q8,exact_dsde,46,0.7666666666666667,0.2826086956521739,0.0
q8,exact_dsde,47,0.7833333333333333,0.2765957446808511,0.13333333333333333
q8,exact_dsde,48,0.8,0.2708333333333333,0.13333333333333333
q8,exact_dsde,49,0.8166666666666667,0.2857142857142857,0.2
q8,exact_dsde,50,0.8333333333333334,0.3,0.2
q8,exact_dsde,51,0.85,0.3137254901960784,0.2
q8,exact_dsde,52,0.8666666666666667,0.3269230769230769,0.2
q8,exact_dsde,53,0.8833333333333333,0.33962264150943394,0.2
q8,exact_dsde,54,0.9,0.35185185185185186,0.2
q8,exact_dsde,55,0.9166666666666666,0.34545454545454546,0.26666666666666666
q8,exact_dsde,56,0.9333333333333333,0.35714285714285715,0.4
q8,exact_dsde,57,0.95,0.3508771929824561,0.4
q8,exact_dsde,58,0.9666666666666667,0.3620689655172414,0.4666666666666667
q8,exact_dsde,59,0.9833333333333333,0.3728813559322034,0.8
q8,exact_dsde,60,1.0,0.38333333333333336,0.8
q8,exact_sde,1,0.016666666666666666,1.0,0.0
q8,exact_sde,2,0.03333333333333333,0.5,0.0
q8,exact_sde,3,0.05,0.3333333333333333,0.0
q8,exact_sde,4,0.06666666666666667,0.5,0.0
q8,exact_sde,5,0.08333333333333333,0.6,0.0
q8,exact_sde,6,0.1,0.5,0.0
q8,exact_sde,7,0.11666666666666667,0.42857142857142855,0.0
q8,exact_sde,8,0.13333333333333333,0.5,0.0
q8,exact_sde,9,0.15,0.4444444444444444,0.0
q8,exact_sde,10,0.16666666666666666,0.4,0.0
q8,exact_sde,11,0.18333333333333332,0.36363636363636365,0.0
q8,exact_sde,12,0.2,0.3333333333333333,0.0
q8,exact_sde,13,0.21666666666666667,0.3076923076923077,0.0
q8,exact_sde,14,0.23333333333333334,0.2857142857142857,0.0
q8,exact_sde,15,0.25,0.26666666666666666,0.0
q8,exact_sde,16,0.26666666666666666,0.3125,0.0
q8,exact_sde,17,0.2833333333333333,0.29411764705882354,0.0
q8,exact_sde,18,0.3,0.2777777777777778,0.0
q8,exact_sde,19,0.31666666666666665,0.3157894736842105,0.0
q8,exact_sde,20,0.3333333333333333,0.3,0.0
q8,exact_sde,21,0.35,0.2857142857142857,0.0
q8,exact_sde,22,0.36666666666666664,0.2727272727272727,0.0
q8,exact_sde,23,0.38333333333333336,0.2608695652173913,0.0
q8,exact_sde,24,0.4,0.25,0.0
q8,exact_sde,25,0.4166666666666667,0.28,0.0
q8,exact_sde,26,0.43333333333333335,0.3076923076923077,0.0
q8,exact_sde,27,0.45,0.2962962962962963,0.0
q8,exact_sde,28,0.4666666666666667,0.2857142857142857,0.0
q8,exact_sde,29,0.48333333333333334,0.3103448275862069,0.0
q8,exact_sde,30,0.5,0.3,0.0
q8,exact_sde,31,0.5166666666666667,0.3225806451612903,0.0
q8,exact_sde,32,0.5333333333333333,0.34375,0.0
q8,exact_sde,33,0.55,0.3333333333333333,0.0
q8,exact_sde,34,0.5666666666666667,0.35294117647058826,0.0
q8,exact_sde,35,0.5833333333333334,0.34285714285714286,0.0
q8,exact_sde,36,0.6,0.3333333333333333,0.0
q8,exact_sde,37,0.6166666666666667,0.32432432432432434,0.0
q8,exact_sde,38,0.6333333333333333,0.3157894736842105,0.0
q8,exact_sde,39,0.65,0.3076923076923077,0.0
q8,exact_sde,40,0.6666666666666666,0.3,0.0
q8,exact_sde,41,0.6833333333333333,0.2926829268292683,0.0
q8,exact_sde,42,0.7,0.30952380952380953,0.0
q8,exact_sde,43,0.7166666666666667,0.3023255813953488,0.0
q8,exact_sde,44,0.7333333333333333,0.29545454545454547,0.0
q8,exact_sde,45,0.75,0.28888888888888886,0.0
q8,exact_sde,46,0.7666666666666667,0.2826086956521739,0.0
q8,exact_sde,47,0.7833333333333333,0.2765957446808511,0.07999999999999999
q8,exact_sde,48,0.8,0.2708333333333333,0.07999999999999999
q8,exact_sde,49,0.8166666666666667,0.2857142857142857,0.16
q8,exact_sde,50,0.8333333333333334,0.3,0.16
q8,exact_sde,51,0.85,0.3137254901960784,0.16
q8,exact_sde,52,0.8666666666666667,0.3269230769230769,0.16
q8,exact_sde,53,0.8833333333333333,0.33962264150943394,0.16
q8,exact_sde,54,0.9,0.35185185185185186,0.16
q8,exact_sde,55,0.9166666666666666,0.34545454545454546,0.18666666666666665
q8,exact_sde,56,0.9333333333333333,0.3392857142857143,0.24
q8,exact_sde,57,0.95,0.3508771929824561,0.26666666666666666
q8,exact_sde,58,0.9666666666666667,0.3620689655172414,0.26666666666666666
q8,exact_sde,59,0.9833333333333333,0.3728813559322034,0.28
q8,exact_sde,60,1.0,0.38333333333333336,0.36
q8,mean_nll,1,0.016666666666666666,0.0,0.0023795171704250606
q8,mean_nll,2,0.03333333333333333,0.0,0.0035651793991254978
q8,mean_nll,3,0.05,0.0,0.004088193176041447
q8,mean_nll,4,0.06666666666666667,0.0,0.004341877607384462
q8,mean_nll,5,0.08333333333333333,0.0,0.005191805376751539
q8,mean_nll,6,0.1,0.0,0.007034795656320477
q8,mean_nll,7,0.11666666666666667,0.0,0.007622070500283289
q8,mean_nll,8,0.13333333333333333,0.0,0.008348095015008425
q8,mean_nll,9,0.15,0.1111111111111111,0.009170027188417862
q8,mean_nll,10,0.16666666666666666,0.1,0.009286156657903067
q8,mean_nll,11,0.18333333333333332,0.09090909090909091,0.009594911019026346
q8,mean_nll,12,0.2,0.08333333333333333,0.010972388179064036
q8,mean_nll,13,0.21666666666666667,0.15384615384615385,0.01187889699386362
q8,mean_nll,14,0.23333333333333334,0.14285714285714285,0.013399816368129815
q8,mean_nll,15,0.25,0.13333333333333333,0.013728648670041144
q8,mean_nll,16,0.26666666666666666,0.1875,0.014138858416950109
q8,mean_nll,17,0.2833333333333333,0.17647058823529413,0.014596435790479353
q8,mean_nll,18,0.3,0.16666666666666666,0.014660126283179692
q8,mean_nll,19,0.31666666666666665,0.15789473684210525,0.015021747835701642
q8,mean_nll,20,0.3333333333333333,0.15,0.015882940672987417
q8,mean_nll,21,0.35,0.14285714285714285,0.017289253752004886
q8,mean_nll,22,0.36666666666666664,0.13636363636363635,0.017362198357986518
q8,mean_nll,23,0.38333333333333336,0.13043478260869565,0.01754947947683542
q8,mean_nll,24,0.4,0.125,0.01767131174724936
q8,mean_nll,25,0.4166666666666667,0.12,0.019381823382006894
q8,mean_nll,26,0.43333333333333335,0.11538461538461539,0.019437311653719647
q8,mean_nll,27,0.45,0.1111111111111111,0.019905880297011843
q8,mean_nll,28,0.4666666666666667,0.10714285714285714,0.020374522579365093
q8,mean_nll,29,0.48333333333333334,0.10344827586206896,0.02071403497206905
q8,mean_nll,30,0.5,0.1,0.021886150175935093
q8,mean_nll,31,0.5166666666666667,0.0967741935483871,0.023329172214735343
q8,mean_nll,32,0.5333333333333333,0.125,0.02342779599659421
q8,mean_nll,33,0.55,0.12121212121212122,0.02480258045579779
q8,mean_nll,34,0.5666666666666667,0.11764705882352941,0.024838642718397495
q8,mean_nll,35,0.5833333333333334,0.14285714285714285,0.025401770576764033
q8,mean_nll,36,0.6,0.1388888888888889,0.025775626009238366
q8,mean_nll,37,0.6166666666666667,0.16216216216216217,0.025873688951462498
q8,mean_nll,38,0.6333333333333333,0.15789473684210525,0.02602471225129698
q8,mean_nll,39,0.65,0.1794871794871795,0.026212680056306836
q8,mean_nll,40,0.6666666666666666,0.2,0.02692672575793406
q8,mean_nll,41,0.6833333333333333,0.21951219512195122,0.027414582232029205
q8,mean_nll,42,0.7,0.23809523809523808,0.029130672333868568
q8,mean_nll,43,0.7166666666666667,0.23255813953488372,0.03324003600757146
q8,mean_nll,44,0.7333333333333333,0.25,0.03632129096766459
q8,mean_nll,45,0.75,0.26666666666666666,0.03684507724246792
q8,mean_nll,46,0.7666666666666667,0.2826086956521739,0.03702859454919304
q8,mean_nll,47,0.7833333333333333,0.2978723404255319,0.03722987512163159
q8,mean_nll,48,0.8,0.2916666666666667,0.037502326875716176
q8,mean_nll,49,0.8166666666666667,0.2857142857142857,0.03847462121477651
q8,mean_nll,50,0.8333333333333334,0.28,0.04047802085437563
q8,mean_nll,51,0.85,0.29411764705882354,0.04229847421677256
q8,mean_nll,52,0.8666666666666667,0.3076923076923077,0.04383825121533036
q8,mean_nll,53,0.8833333333333333,0.32075471698113206,0.04461240800554636
q8,mean_nll,54,0.9,0.3333333333333333,0.046305102452839565
q8,mean_nll,55,0.9166666666666666,0.34545454545454546,0.049289784299917996
q8,mean_nll,56,0.9333333333333333,0.3392857142857143,0.05226543320173558
q8,mean_nll,57,0.95,0.3508771929824561,0.056956239848088744
q8,mean_nll,58,0.9666666666666667,0.3620689655172414,0.06198404734499188
q8,mean_nll,59,0.9833333333333333,0.3728813559322034,0.07332389123898088
q8,mean_nll,60,1.0,0.38333333333333336,0.20182915438606314
