task_id,precision,token_count,mean_nll,median_nll,mean_top1_margin,mean_topk_entropy,worst_decile_nll,status,expected_solution_sha256,generated_solution_sha256,model_sha256
Mbpp/101,q2,80,0.049879432638834056,1.376876798531157e-05,11.73858121542101,0.09782147351008753,0.13277020454406735,matched,97081d5797cf6195b2f9e43f8c3105e3359ee312c6c742eadfc8fb60981298c7,97081d5797cf6195b2f9e43f8c3105e3359ee312c6c742eadfc8fb60981298c7,F7ED2F57713AD29E1A4EC093BE0CDF3D7FD31E137E8FD4FC3EDCFD04A5267862
Mbpp/123,q2,173,0.08963424706401764,4.768382950715022e-06,11.756002726771813,0.16120696255087377,0.36321417093276975,matched,a98e41d18179e407f17703549cbbf5bf9bbaf552391e8b00dba5d10fb0b6c208,a98e41d18179e407f17703549cbbf5bf9bbaf552391e8b00dba5d10fb0b6c208,F7ED2F57713AD29E1A4EC093BE0CDF3D7FD31E137E8FD4FC3EDCFD04A5267862
Mbpp/128,q2,93,0.031534167161923476,2.3841887468734058e-06,12.698157567716041,0.0745348788152058,0.08477323651313781,matched,2051cc24af10eee509b580e286b5732f01044202e131784608549d0edea916a5,2051cc24af10eee509b580e286b5732f01044202e131784608549d0edea916a5,F7ED2F57713AD29E1A4EC093BE0CDF3D7FD31E137E8FD4FC3EDCFD04A5267862
Mbpp/141,q2,273,0.09779618288775223,0.0005428476142697036,8.782886555821612,0.19757369182553,0.36720969080924987,matched,f21b10111334c710f0a2ba95a9cb0c037eb0d82c4f0c98e586a7f1c5f423deac,f21b10111334c710f0a2ba95a9cb0c037eb0d82c4f0c98e586a7f1c5f423deac,F7ED2F57713AD29E1A4EC093BE0CDF3D7FD31E137E8FD4FC3EDCFD04A5267862
Mbpp/142,q2,59,0.005355993831951321,-0.0,18.100795566773634,0.015226823207668548,0.0002228389581432566,matched,cbecfdfdf1eb483f68e21716612f782f5993af562d152fc6b14158b8b9e148bb,cbecfdfdf1eb483f68e21716612f782f5993af562d152fc6b14158b8b9e148bb,F7ED2F57713AD29E1A4EC093BE0CDF3D7FD31E137E8FD4FC3EDCFD04A5267862
Mbpp/160,q2,400,0.12270517527052544,0.0007768609211780131,8.412193649272234,0.24857600976557034,0.5081172466278076,matched,2b4d945d691d2129fc0ff9ea2f4492e54843e58d7a587841e28ade63ccb08f70,2b4d945d691d2129fc0ff9ea2f4492e54843e58d7a587841e28ade63ccb08f70,F7ED2F57713AD29E1A4EC093BE0CDF3D7FD31E137E8FD4FC3EDCFD04A5267862
Mbpp/165,q2,59,0.07319006130998529,2.0265599687263602e-06,12.623541913202859,0.14913107207996912,0.2957608640193939,matched,81062685d828a6631ee81026cb9c8a8c4fb30eacdfd45710281cad91581ba5e0,81062685d828a6631ee81026cb9c8a8c4fb30eacdfd45710281cad91581ba5e0,F7ED2F57713AD29E1A4EC093BE0CDF3D7FD31E137E8FD4FC3EDCFD04A5267862
Mbpp/227,q2,24,0.0009884595575198791,2.3841860752327193e-07,17.24082382920362,0.00551899227622158,0.00016079753841040652,matched,3c90a66c27b5c8af55996540154436088637864eec7a4cb3b7619c4f6f81ed02,3c90a66c27b5c8af55996540154436088637864eec7a4cb3b7619c4f6f81ed02,F7ED2F57713AD29E1A4EC093BE0CDF3D7FD31E137E8FD4FC3EDCFD04A5267862
Mbpp/238,q2,73,0.03182304816080573,2.3841860752327193e-07,13.751645539596984,0.06849254438380654,0.0741031751036644,matched,6a5b729abbb306b2bd37e153609114d1887c80edb797d9286cadce8badfdf02f,6a5b729abbb306b2bd37e153609114d1887c80edb797d9286cadce8badfdf02f,F7ED2F57713AD29E1A4EC093BE0CDF3D7FD31E137E8FD4FC3EDCFD04A5267862
Mbpp/240,q2,29,0.04361992824065173,4.768372718899627e-07,13.884167022166706,0.1079013772149665,0.11769182682037349,matched,7b6d344b0e40ae126e17b8f944e4cc6ac5629eb500dcb9dcd735d312bd876c07,7b6d344b0e40ae126e17b8f944e4cc6ac5629eb500dcb9dcd735d312bd876c07,F7ED2F57713AD29E1A4EC093BE0CDF3D7FD31E137E8FD4FC3EDCFD04A5267862
Mbpp/244,q2,94,0.03762716020818539,4.172337355612399e-06,13.0072968231476,0.08085392830436225,0.1026673324406147,matched,88489ddb2f08011c92d4014585e9748af3ff06934e8341d843ec59104ba34c2e,88489ddb2f08011c92d4014585e9748af3ff06934e8341d843ec59104ba34c2e,F7ED2F57713AD29E1A4EC093BE0CDF3D7FD31E137E8FD4FC3EDCFD04A5267862
Mbpp/259,q2,94,0.06541597921237148,2.8610271556317457e-06,12.237750517414502,0.1382051540389856,0.22143705636262892,hash_mismatch,55278738dceee12b09e23d7e557a90935d0b01da55f1f6a8222d32a235316337,02cfc14109764ed98b2dd07e8cb6598e192c302c99f8f7bf2c53ba5f9668fcb9,F7ED2F57713AD29E1A4EC093BE0CDF3D7FD31E137E8FD4FC3EDCFD04A5267862
Mbpp/276,q2,28,0.004521270106502685,2.9802326650951727e-07,15.572559975928938,0.01742163173115703,0.00029603276634588833,matched,f7e6770251abfdd313540e56b9ec5f9dd614887080368979d9e3b52f53783c42,f7e6770251abfdd313540e56b9ec5f9dd614887080368979d9e3b52f53783c42,F7ED2F57713AD29E1A4EC093BE0CDF3D7FD31E137E8FD4FC3EDCFD04A5267862
Mbpp/3,q2,84,0.0083540939772049,-0.0,18.555377110918542,0.010417724781076085,8.362881490029394e-05,matched,2fa85745ff75464665811aadb8b967e58e996234766063169733e993ade17d22,2fa85745ff75464665811aadb8b967e58e996234766063169733e993ade17d22,F7ED2F57713AD29E1A4EC093BE0CDF3D7FD31E137E8FD4FC3EDCFD04A5267862
Mbpp/300,q2,223,0.12455668297682776,0.0005504811997525394,8.79058027547472,0.2538701541757796,0.48643689751625063,matched,c180011c72115068bd2bb01ecf3ed267e9fb50efc1f97e63ce8eadb04ab0d823,c180011c72115068bd2bb01ecf3ed267e9fb50efc1f97e63ce8eadb04ab0d823,F7ED2F57713AD29E1A4EC093BE0CDF3D7FD31E137E8FD4FC3EDCFD04A5267862
Mbpp/311,q2,512,0.13103969287408757,0.004656533477827907,6.614861907700056,0.28332694255618857,0.5329559564590454,matched,58bb9c1d028cbf7f71f05182ae78f8a968b6ecdd095ed509f94fb1dc1b7915d1,58bb9c1d028cbf7f71f05182ae78f8a968b6ecdd095ed509f94fb1dc1b7915d1,F7ED2F57713AD29E1A4EC093BE0CDF3D7FD31E137E8FD4FC3EDCFD04A5267862
Mbpp/392,q2,81,0.0680942629693703,0.00015665327373426408,10.159267908397991,0.1536364038898953,0.21342240273952484,matched,9f8147a5528f7025ffd64dcad310bffcd854099913317497dcb266b6c186c3aa,9f8147a5528f7025ffd64dcad310bffcd854099913317497dcb266b6c186c3aa,F7ED2F57713AD29E1A4EC093BE0CDF3D7FD31E137E8FD4FC3EDCFD04A5267862
Mbpp/419,q2,46,0.006686511002853518,1.1920930376163597e-07,14.914794206863462,0.025475022803873718,0.006342933978885412,matched,b237b9669ab7a069cf214f15ca4722b054beb3cfb27766b08b50853067b5f7f6,b237b9669ab7a069cf214f15ca4722b054beb3cfb27766b08b50853067b5f7f6,F7ED2F57713AD29E1A4EC093BE0CDF3D7FD31E137E8FD4FC3EDCFD04A5267862
Mbpp/429,q2,51,0.06574809605030386,0.0001064595635398291,9.930247717674737,0.10943359819546176,0.25806790590286255,matched,e9652aa22490b464aa38207483b11337aeca4ca01b7a27d4a3aae5b47eda7134,e9652aa22490b464aa38207483b11337aeca4ca01b7a27d4a3aae5b47eda7134,F7ED2F57713AD29E1A4EC093BE0CDF3D7FD31E137E8FD4FC3EDCFD04A5267862
Mbpp/456,q2,25,0.02121522756753734,8.344653679159819e-07,15.351949383295196,0.04097123868152515,0.000884550611954182,matched,5034eced522e5caea67044061443dd9d255a4205c31d3e2f5bd56043a28842d9,5034eced522e5caea67044061443dd9d255a4205c31d3e2f5bd56043a28842d9,F7ED2F57713AD29E1A4EC093BE0CDF3D7FD31E137E8FD4FC3EDCFD04A5267862
Mbpp/458,q2,18,0.022722340918030506,5.960466893384364e-07,14.278454743527922,0.03686979501777895,0.0007470164040569215,matched,f2aed3712d35be935e50fd96829765796de8409df2e57f8bb0691bf4a269bfcf,f2aed3712d35be935e50fd96829765796de8409df2e57f8bb0691bf4a269bfcf,F7ED2F57713AD29E1A4EC093BE0CDF3D7FD31E137E8FD4FC3EDCFD04A5267862
Mbpp/462,q2,74,0.03764741538037294,2.2649791162621113e-06,11.708144179344025,0.08734312135425092,0.09230896458029747,hash_mismatch,e58d22d212932246e8e8584b747497c42a7d0cb20a420e8607501e760a4335f0,01aa483a92eb024f26571eccbf21de7b50a2d994da432e041d0c42709fd1cf1b,F7ED2F57713AD29E1A4EC093BE0CDF3D7FD31E137E8FD4FC3EDCFD04A5267862
Mbpp/476,q2,19,0.0026353554651577546,7.152560215217818e-07,14.632862001250798,0.01249165142306029,0.004703795397654175,matched,66789e0e1a0cf84bf03babbf9171314d2cb0ae992430578eeda774031a095c17,66789e0e1a0cf84bf03babbf9171314d2cb0ae992430578eeda774031a095c17,F7ED2F57713AD29E1A4EC093BE0CDF3D7FD31E137E8FD4FC3EDCFD04A5267862
Mbpp/566,q2,56,0.03470346741908337,-0.0,17.371274258563584,0.06995961915838537,0.01088837836869061,matched,487d8c808894566acbeca847c084360b2f3e783905c3bdc63d512c0f5f45f545,487d8c808894566acbeca847c084360b2f3e783905c3bdc63d512c0f5f45f545,F7ED2F57713AD29E1A4EC093BE0CDF3D7FD31E137E8FD4FC3EDCFD04A5267862
Mbpp/572,q2,17,0.020633044698011898,2.1457903130794875e-05,10.290418436212345,0.0711866374962412,0.05959559176117181,matched,0a18ed32cfdc3689eac2e17eb6c8c80c625449f3eb95edc4a420aa7fae0e9ec2,0a18ed32cfdc3689eac2e17eb6c8c80c625449f3eb95edc4a420aa7fae0e9ec2,F7ED2F57713AD29E1A4EC093BE0CDF3D7FD31E137E8FD4FC3EDCFD04A5267862
Mbpp/578,q2,56,0.001214265057722232,-0.0,17.76599999061582,0.006241345012415122,4.106846608920023e-05,matched,407ce1f842fcb96d743a22b1e042d7e14c90e19586acb2c28f2f85e40c716609,407ce1f842fcb96d743a22b1e042d7e14c90e19586acb2c28f2f85e40c716609,F7ED2F57713AD29E1A4EC093BE0CDF3D7FD31E137E8FD4FC3EDCFD04A5267862
Mbpp/58,q2,39,0.011567025319255556,-0.0,19.184565674329285,0.0319234327477407,0.009847549721598618,matched,799e26a5499bacd87255b3035228a2ab2863780d34a206ef12281c092df46e60,799e26a5499bacd87255b3035228a2ab2863780d34a206ef12281c092df46e60,F7ED2F57713AD29E1A4EC093BE0CDF3D7FD31E137E8FD4FC3EDCFD04A5267862
Mbpp/589,q2,137,0.03853301950343383,8.583106136939023e-06,11.733829034325954,0.09179245989936241,0.10176038891077041,matched,c5f6fe001182d7dd8c0f317ed97026de2b04da60fa3a0cfbfe366faf3c5640c5,c5f6fe001182d7dd8c0f317ed97026de2b04da60fa3a0cfbfe366faf3c5640c5,F7ED2F57713AD29E1A4EC093BE0CDF3D7FD31E137E8FD4FC3EDCFD04A5267862
Mbpp/599,q2,99,0.04957551249872715,4.768372718899627e-07,13.253164192601476,0.09018535108195899,0.06891131103038786,hash_mismatch,b3c1f981f531a2a0af59c83a4fd5d098960e9030462a6f9ec3b4c99363759cc0,70467065dc60b45dfec72670987c3025861c0fac52a65a53338260433d8fe63a,F7ED2F57713AD29E1A4EC093BE0CDF3D7FD31E137E8FD4FC3EDCFD04A5267862
Mbpp/600,q2,21,0.0018752543469621027,2.3841860752327193e-07,15.960078351577371,0.009155610639451188,0.0005741575150750577,matched,2943a7e5ad70cce41140e388c4b2c8db0b69575e2028014cdfb3370a88021a16,2943a7e5ad70cce41140e388c4b2c8db0b69575e2028014cdfb3370a88021a16,F7ED2F57713AD29E1A4EC093BE0CDF3D7FD31E137E8FD4FC3EDCFD04A5267862
Mbpp/603,q2,512,0.16620785501530513,0.006298617692664266,6.445360634911562,0.3347128211103605,0.6166140019893647,matched,f5967bb057284c0610dee7a452d6a06b3e320977b7fb99ada693d7034c4f0b29,f5967bb057284c0610dee7a452d6a06b3e320977b7fb99ada693d7034c4f0b29,F7ED2F57713AD29E1A4EC093BE0CDF3D7FD31E137E8FD4FC3EDCFD04A5267862
Mbpp/605,q2,83,0.00035901068366307157,-0.0,19.519147213983068,0.0018701344537457544,2.322224991075926e-05,matched,8efb82dac7facf0cf57eca375174892295cb229dc66f7b4a70f352b6640540a4,8efb82dac7facf0cf57eca375174892295cb229dc66f7b4a70f352b6640540a4,F7ED2F57713AD29E1A4EC093BE0CDF3D7FD31E137E8FD4FC3EDCFD04A5267862
Mbpp/607,q2,48,0.012504352982926589,3.87430941373168e-06,12.47311360254279,0.04315189880067663,0.03364917077124119,matched,f1562b2e2a3d07c00d3173d99fcba08fd266e8eac9364f42252b1fac1b61b794,f1562b2e2a3d07c00d3173d99fcba08fd266e8eac9364f42252b1fac1b61b794,F7ED2F57713AD29E1A4EC093BE0CDF3D7FD31E137E8FD4FC3EDCFD04A5267862
Mbpp/608,q2,512,0.20753102279779526,0.005542750470340252,7.599097622367097,0.3791725925316931,0.7303190171718598,matched,7c680e05ab7cfa57d1be7175c0ad855e1bd476fb0ec71fa342233aa7136b7b86,7c680e05ab7cfa57d1be7175c0ad855e1bd476fb0ec71fa342233aa7136b7b86,F7ED2F57713AD29E1A4EC093BE0CDF3D7FD31E137E8FD4FC3EDCFD04A5267862
Mbpp/611,q2,56,0.05934684179971989,1.752392836351646e-05,11.622445284370508,0.1023466271495598,0.2485005483031273,hash_mismatch,34f40303e5653f0fb29f2414c72191214749dbaca7d419207bc41b6dc379c9e8,a6b7fe07d3b1818b4aeb558bc988b689240418331effdcc1659b4127a0864112,F7ED2F57713AD29E1A4EC093BE0CDF3D7FD31E137E8FD4FC3EDCFD04A5267862
Mbpp/616,q2,46,0.05802905636387587,7.748606947188819e-07,13.90300881137916,0.07812864731339192,0.10405130177969113,matched,bc3886d2eb4507b276537dd5bc989a35abbdf5e2831ca3bb002e7d1a048181e2,bc3886d2eb4507b276537dd5bc989a35abbdf5e2831ca3bb002e7d1a048181e2,F7ED2F57713AD29E1A4EC093BE0CDF3D7FD31E137E8FD4FC3EDCFD04A5267862
Mbpp/622,q2,255,0.05654237459888543,2.145769485650817e-06,12.201338690844565,0.12536508894672613,0.16010242402553554,matched,d220f52918bdfa37f09c86dc9884775c81ef11dd5373a02370e43b83820cbfd9,d220f52918bdfa37f09c86dc9884775c81ef11dd5373a02370e43b83820cbfd9,F7ED2F57713AD29E1A4EC093BE0CDF3D7FD31E137E8FD4FC3EDCFD04A5267862
Mbpp/623,q2,23,0.03176053666552261,1.1920935776288388e-06,13.915263127166272,0.0577523698414075,0.02659800164401531,matched,5b96b0821ebcf303b45d0fa66c112f2381db2a807dc8ae884f148291e1e58e1b,5b96b0821ebcf303b45d0fa66c112f2381db2a807dc8ae884f148291e1e58e1b,F7ED2F57713AD29E1A4EC093BE0CDF3D7FD31E137E8FD4FC3EDCFD04A5267862
Mbpp/632,q2,101,0.06698179246324043,4.172333774477011e-06,12.382339276286329,0.12887675992265737,0.2595858871936798,matched,9b9c032976614e08cb534660e3b135ac7c95a844cbc2d2c98a95f91c1d9d87b4,9b9c032976614e08cb534660e3b135ac7c95a844cbc2d2c98a95f91c1d9d87b4,F7ED2F57713AD29E1A4EC093BE0CDF3D7FD31E137E8FD4FC3EDCFD04A5267862
Mbpp/638,q2,304,0.35396631288720765,0.013185787945985794,5.514433145216851,0.5235865425730121,1.3481249332427978,matched,7786238b893127ed9b2dd13d57eeff8a9a8d7f0220f87df0256ae636afa0eda8,7786238b893127ed9b2dd13d57eeff8a9a8d7f0220f87df0256ae636afa0eda8,F7ED2F57713AD29E1A4EC093BE0CDF3D7FD31E137E8FD4FC3EDCFD04A5267862
Mbpp/643,q2,38,0.06927937648474743,0.00010944011955871247,10.121721775252666,0.15155698376771373,0.17513106912374496,matched,fa9b6529830ec90817dab28f37266b169eda7294e11ad8624c72295cdbbd7306,fa9b6529830ec90817dab28f37266b169eda7294e11ad8624c72295cdbbd7306,F7ED2F57713AD29E1A4EC093BE0CDF3D7FD31E137E8FD4FC3EDCFD04A5267862
Mbpp/722,q2,64,0.01185813112823153,1.1920930376163597e-07,16.19286368103059,0.025973069823221447,0.0022594629204832012,matched,36b725c3b06892679929bd652755aec374fb1435468d9272ecdc48f1ccbc1458,36b725c3b06892679929bd652755aec374fb1435468d9272ecdc48f1ccbc1458,F7ED2F57713AD29E1A4EC093BE0CDF3D7FD31E137E8FD4FC3EDCFD04A5267862
Mbpp/726,q2,44,0.003184972563414848,-0.0,16.90226891528934,0.011119403351355268,0.0005979361223580783,matched,2cb87edfb4cc7456373441a0febe32a44e7af238cd672d3279138825bb8f071b,2cb87edfb4cc7456373441a0febe32a44e7af238cd672d3279138825bb8f071b,F7ED2F57713AD29E1A4EC093BE0CDF3D7FD31E137E8FD4FC3EDCFD04A5267862
Mbpp/734,q2,112,0.06696946463455815,8.940700695347914e-07,13.0847052652704,0.13336754628215056,0.29210948348045346,matched,a19f70d6274a74e8948218cb619d33a7936e64a2f66101fbc8db962a341b1234,a19f70d6274a74e8948218cb619d33a7936e64a2f66101fbc8db962a341b1234,F7ED2F57713AD29E1A4EC093BE0CDF3D7FD31E137E8FD4FC3EDCFD04A5267862
Mbpp/735,q2,308,0.14203581119531866,0.005879995878785849,6.77252596924038,0.29328868496445976,0.4962982833385467,matched,1c329e1c7482549216ce602c633d31b9f1fb041c7f421461ac4b1cb613db894b,1c329e1c7482549216ce602c633d31b9f1fb041c7f421461ac4b1cb613db894b,F7ED2F57713AD29E1A4EC093BE0CDF3D7FD31E137E8FD4FC3EDCFD04A5267862
Mbpp/748,q2,15,0.01370055628348344,0.0002237212611362338,10.21502114184172,0.049071769699299383,0.05635377871803938,matched,984e062b81d95da67aedcc18b40eaff3e7ba6242667bd687a2116e874a89ab14,984e062b81d95da67aedcc18b40eaff3e7ba6242667bd687a2116e874a89ab14,F7ED2F57713AD29E1A4EC093BE0CDF3D7FD31E137E8FD4FC3EDCFD04A5267862
Mbpp/749,q2,66,0.03498183385505045,2.67032392002875e-05,11.157495490840247,0.07684726720983197,0.0698528029024601,matched,68ccead60eceab685423305ff30a6eaf1008336a1ffca40bf5462035a291cbc7,68ccead60eceab685423305ff30a6eaf1008336a1ffca40bf5462035a291cbc7,F7ED2F57713AD29E1A4EC093BE0CDF3D7FD31E137E8FD4FC3EDCFD04A5267862
Mbpp/75,q2,63,0.014156187949401289,2.3841860752327193e-07,15.42767352750688,0.035004451132560954,0.0018826426472514867,matched,3f55ac6b0beeec69d4853aa71e1707d54952ff94c2e87ae54cdfe0991a0d3c7f,3f55ac6b0beeec69d4853aa71e1707d54952ff94c2e87ae54cdfe0991a0d3c7f,F7ED2F57713AD29E1A4EC093BE0CDF3D7FD31E137E8FD4FC3EDCFD04A5267862
Mbpp/750,q2,22,0.08020095751904224,2.1159875359444413e-05,11.378140123515012,0.14915755086023996,0.2814972549676895,matched,7f14d32fe71f7513bddcddc2acc6c7abff5db6f13cbe8c771c189d06afe9689b,7f14d32fe71f7513bddcddc2acc6c7abff5db6f13cbe8c771c189d06afe9689b,F7ED2F57713AD29E1A4EC093BE0CDF3D7FD31E137E8FD4FC3EDCFD04A5267862
Mbpp/752,q2,181,0.0253675034044065,1.1920930376163597e-07,15.148434051754938,0.05540483106035618,0.018626293167471886,matched,028ac514e9d9d16864f1649717661ef59c287960833c5e9ad6a93dd8dce5627f,028ac514e9d9d16864f1649717661ef59c287960833c5e9ad6a93dd8dce5627f,F7ED2F57713AD29E1A4EC093BE0CDF3D7FD31E137E8FD4FC3EDCFD04A5267862
Mbpp/757,q2,43,0.03390229157879787,9.536747711536009e-07,14.74522946469363,0.07432414611931501,0.011849746061488984,matched,dcf4720e4c32c9b27496c64cd9ac31a4d001b4a7cb53b5fe99323e04033c199e,dcf4720e4c32c9b27496c64cd9ac31a4d001b4a7cb53b5fe99323e04033c199e,F7ED2F57713AD29E1A4EC093BE0CDF3D7FD31E137E8FD4FC3EDCFD04A5267862
Mbpp/759,q2,82,0.11126421085055214,0.0017370554560329765,8.13339650610761,0.23894401262577364,0.3593054533004761,hash_mismatch,1a34bf1b9fdbd725be93fd22fc7735d9e9ba0805f376760a9bfb53650b0af537,ad411de6e056db6711448b442e1d97cfeec4ce689a01eb3e3b9c5b5e9b9df43c,F7ED2F57713AD29E1A4EC093BE0CDF3D7FD31E137E8FD4FC3EDCFD04A5267862
Mbpp/767,q2,68,0.013202219562867365,-0.0,17.22839323451289,0.022706515488627628,0.00011902035694220101,matched,3f930d07a7afff5833b1d405a408188eca9ba5adc6d0923f594243a0d72946bf,3f930d07a7afff5833b1d405a408188eca9ba5adc6d0923f594243a0d72946bf,F7ED2F57713AD29E1A4EC093BE0CDF3D7FD31E137E8FD4FC3EDCFD04A5267862
Mbpp/780,q2,77,0.016143247789298956,1.1920930376163597e-07,15.901355280393982,0.041413187169384726,0.0009469705517403781,matched,993991e6dd5136a3170c1b28838baf2dc5d64b50863b2008aa831bb5c742928f,993991e6dd5136a3170c1b28838baf2dc5d64b50863b2008aa831bb5c742928f,F7ED2F57713AD29E1A4EC093BE0CDF3D7FD31E137E8FD4FC3EDCFD04A5267862
Mbpp/79,q2,22,0.04098111860342225,2.5033982637978625e-06,13.610144545457343,0.066735027668663,0.046416900423355396,matched,08df50f51027d7aa29c2b939799917fe221216801dd94fb992c0ad47e5d3603c,08df50f51027d7aa29c2b939799917fe221216801dd94fb992c0ad47e5d3603c,F7ED2F57713AD29E1A4EC093BE0CDF3D7FD31E137E8FD4FC3EDCFD04A5267862
Mbpp/80,q2,33,0.023698471536193186,1.1920930376163597e-07,16.451520705941096,0.03403321324498335,0.00015188574834610333,hash_mismatch,43d4876a09c6363492e5b8c7b11d1c8714896ca0c72c7d0e128561e778c0b440,2bacbcb1390814d2de1057a70adfc5a7ab6b354c0f528a292baa8cced5dee144,F7ED2F57713AD29E1A4EC093BE0CDF3D7FD31E137E8FD4FC3EDCFD04A5267862
Mbpp/85,q2,72,0.014601096379679705,2.9802326650951727e-07,14.308498889339047,0.033566596665739024,0.013119473727419968,matched,aca74e14f8b83ae748ef3cffd397ab5751c378770835ba68eb38fb123e8b47a2,aca74e14f8b83ae748ef3cffd397ab5751c378770835ba68eb38fb123e8b47a2,F7ED2F57713AD29E1A4EC093BE0CDF3D7FD31E137E8FD4FC3EDCFD04A5267862
Mbpp/86,q2,31,0.048036131392345006,4.22009798057843e-05,10.279841455495385,0.09557602124589523,0.16632793843746185,matched,3b57e0fd188ae4fc6bb86c097a04ce88ed39763772993b6149a0f6daa98d24c7,3b57e0fd188ae4fc6bb86c097a04ce88ed39763772993b6149a0f6daa98d24c7,F7ED2F57713AD29E1A4EC093BE0CDF3D7FD31E137E8FD4FC3EDCFD04A5267862
Mbpp/92,q2,341,0.19706121424072293,0.016284314915537834,6.93987812346032,0.38740485330955027,0.6635112166404724,matched,f9c951361eb7cd603477a897599d45d420b7da3f2b71f2b4f23ff40ec7fd7f6b,f9c951361eb7cd603477a897599d45d420b7da3f2b71f2b4f23ff40ec7fd7f6b,F7ED2F57713AD29E1A4EC093BE0CDF3D7FD31E137E8FD4FC3EDCFD04A5267862
Mbpp/97,q2,78,0.023177443160450506,-0.0,15.182200505429364,0.0488228455421554,0.008360329130664465,matched,ce0ef0b5be6694e7b55094e26562884c195ce28b31ee9edbe2e9a57e7d44237b,ce0ef0b5be6694e7b55094e26562884c195ce28b31ee9edbe2e9a57e7d44237b,F7ED2F57713AD29E1A4EC093BE0CDF3D7FD31E137E8FD4FC3EDCFD04A5267862
Mbpp/101,q4,140,0.023468699996595788,-0.0,18.146933616539627,0.04355320014740713,0.0072737959213554845,matched,993a31cc4f6ccd820222b84f009b5a844e6886b5a2c6ccfd41e5a813065c910c,993a31cc4f6ccd820222b84f009b5a844e6886b5a2c6ccfd41e5a813065c910c,3605803B982CB64AEAD44F6C1B2AE36E3ACDB41D8E46C8A94C6533BC4C67E597
Mbpp/123,q4,327,0.03803230832582224,2.3841860752327193e-07,14.88120680622263,0.07573265069892846,0.10005299597978592,matched,fef1f58de406e578d626def560c752ff5e77519b6e001366712ce5585079b03b,fef1f58de406e578d626def560c752ff5e77519b6e001366712ce5585079b03b,3605803B982CB64AEAD44F6C1B2AE36E3ACDB41D8E46C8A94C6533BC4C67E597
Mbpp/128,q4,137,0.020258269029113554,-0.0,16.646888765247027,0.04050104961091805,0.005803832411766051,matched,c6ee5b0da2e3ec99f79382e55a055bc4df8589c3e9970d411d095b0b1128b75c,c6ee5b0da2e3ec99f79382e55a055bc4df8589c3e9970d411d095b0b1128b75c,3605803B982CB64AEAD44F6C1B2AE36E3ACDB41D8E46C8A94C6533BC4C67E597
Mbpp/141,q4,259,0.044346131798339024,5.960466182841628e-07,13.52891838097807,0.08697605877663026,0.10819519162178039,matched,a3c39bcb4f4d8eac58a23720b51b752420352d83be5776ce15e9faeed6efd90a,a3c39bcb4f4d8eac58a23720b51b752420352d83be5776ce15e9faeed6efd90a,3605803B982CB64AEAD44F6C1B2AE36E3ACDB41D8E46C8A94C6533BC4C67E597
Mbpp/142,q4,147,0.015593575034673722,-0.0,19.328081790218697,0.030781532455416896,0.0016197679913602745,matched,23d3803c72c4ec2f391f0cc861b2c9f2888c9ec53ece647660ee28fc79023584,23d3803c72c4ec2f391f0cc861b2c9f2888c9ec53ece647660ee28fc79023584,3605803B982CB64AEAD44F6C1B2AE36E3ACDB41D8E46C8A94C6533BC4C67E597
Mbpp/160,q4,366,0.028858752665158752,-0.0,18.71768621296421,0.05807225705728743,0.020355201326310635,matched,60081ce73a1fa60e0e4a5f18ac9243418723ffc851feaac3e1c4a0b73a7acc5b,60081ce73a1fa60e0e4a5f18ac9243418723ffc851feaac3e1c4a0b73a7acc5b,3605803B982CB64AEAD44F6C1B2AE36E3ACDB41D8E46C8A94C6533BC4C67E597
Mbpp/165,q4,184,0.03128025280530923,1.1920930376163597e-07,15.431242267513964,0.06814250378089545,0.08549727126955986,matched,b134faaae4a052e3568842b64ed5dac64c62bf3f4fae1da28d8c6a4d55265172,b134faaae4a052e3568842b64ed5dac64c62bf3f4fae1da28d8c6a4d55265172,3605803B982CB64AEAD44F6C1B2AE36E3ACDB41D8E46C8A94C6533BC4C67E597
Mbpp/227,q4,33,0.01985146262098748,-0.0,18.66069611795351,0.022521505565511236,1.2278638769203096e-05,matched,20b77fb2826943f116b725ba1235efdf77c240740239c8d156a54ece2e3b24c4,20b77fb2826943f116b725ba1235efdf77c240740239c8d156a54ece2e3b24c4,3605803B982CB64AEAD44F6C1B2AE36E3ACDB41D8E46C8A94C6533BC4C67E597
Mbpp/238,q4,93,0.004396170786749366,-0.0,18.60594950046707,0.014261842566441809,0.00019647931912913897,matched,85945c86d82ce427b29a66cea785969f6812782a96249fa856f1ebb2acf55745,85945c86d82ce427b29a66cea785969f6812782a96249fa856f1ebb2acf55745,3605803B982CB64AEAD44F6C1B2AE36E3ACDB41D8E46C8A94C6533BC4C67E597
Mbpp/240,q4,123,0.01988115053018873,-0.0,17.850404059555892,0.03948735414504515,0.004072022112086414,matched,c3abd6595e546fbe9ac6a843945c62e0fc5c278a26174ccc914800cf09753e25,c3abd6595e546fbe9ac6a843945c62e0fc5c278a26174ccc914800cf09753e25,3605803B982CB64AEAD44F6C1B2AE36E3ACDB41D8E46C8A94C6533BC4C67E597
Mbpp/244,q4,142,0.04843692361801338,2.3841860752327193e-07,13.982822729815934,0.09427936807127617,0.12883323729038237,matched,45621c1fe86a1b39df720f5bfbf13f0ae495177862b39b0b90392a0025eb6923,45621c1fe86a1b39df720f5bfbf13f0ae495177862b39b0b90392a0025eb6923,3605803B982CB64AEAD44F6C1B2AE36E3ACDB41D8E46C8A94C6533BC4C67E597
Mbpp/259,q4,164,0.034544607756083555,1.1920930376163597e-07,14.381755404088088,0.07366431522595868,0.0920505665242672,matched,48c3190a4f731e46ebd15e01c30ddcdb32f7a9a6a7f926a380b87f5336170d13,48c3190a4f731e46ebd15e01c30ddcdb32f7a9a6a7f926a380b87f5336170d13,3605803B982CB64AEAD44F6C1B2AE36E3ACDB41D8E46C8A94C6533BC4C67E597
Mbpp/276,q4,83,0.01003058617730955,-0.0,18.645206058739912,0.023710489431000625,3.302154364064334e-05,matched,95c9cd2e0eb6fed83e507f27bffbc6b4f8e51a4bccad9c15114c219eef09a60a,95c9cd2e0eb6fed83e507f27bffbc6b4f8e51a4bccad9c15114c219eef09a60a,3605803B982CB64AEAD44F6C1B2AE36E3ACDB41D8E46C8A94C6533BC4C67E597
Mbpp/3,q4,142,0.007946869168319467,-0.0,19.42073751320318,0.017306631768552388,0.00017134857116616318,matched,9882fbd905adb412f46c2cf7e0cd52c4175bbf3253ac80ac94388324a9ff77e1,9882fbd905adb412f46c2cf7e0cd52c4175bbf3253ac80ac94388324a9ff77e1,3605803B982CB64AEAD44F6C1B2AE36E3ACDB41D8E46C8A94C6533BC4C67E597
Mbpp/300,q4,340,0.04649611154318879,2.3841860752327193e-07,14.865879970926247,0.09659393468638523,0.1279956713318825,matched,b9ca0d02434c7a90429306122688c554f95a3f1c02c212b6b7e54f31a7ff0498,b9ca0d02434c7a90429306122688c554f95a3f1c02c212b6b7e54f31a7ff0498,3605803B982CB64AEAD44F6C1B2AE36E3ACDB41D8E46C8A94C6533BC4C67E597
Mbpp/311,q4,512,0.17965948659260844,0.006429991219192743,7.878225331466784,0.3633642621987057,0.6539231479167938,matched,50a1dce50d75216d148a1fabb9f98006e5cf43176ba59e59f089881a6f597003,50a1dce50d75216d148a1fabb9f98006e5cf43176ba59e59f089881a6f597003,3605803B982CB64AEAD44F6C1B2AE36E3ACDB41D8E46C8A94C6533BC4C67E597
Mbpp/392,q4,219,0.05048597110281832,3.576279254957626e-07,14.051676940364539,0.10744507794879292,0.09842136353254317,matched,30c66e8fa2fee62247b639c0e2561960bb23493adfdd7b5a7d34f8a1e0fc1d8d,30c66e8fa2fee62247b639c0e2561960bb23493adfdd7b5a7d34f8a1e0fc1d8d,3605803B982CB64AEAD44F6C1B2AE36E3ACDB41D8E46C8A94C6533BC4C67E597
Mbpp/419,q4,105,0.015650122178286503,-0.0,16.765391230911185,0.03535286788777253,0.010919851064682004,matched,a7c73147536edfebc30e2e5174b61622fdb4b46db072acd6efa0ab3794d85a8d,a7c73147536edfebc30e2e5174b61622fdb4b46db072acd6efa0ab3794d85a8d,3605803B982CB64AEAD44F6C1B2AE36E3ACDB41D8E46C8A94C6533BC4C67E597
Mbpp/429,q4,185,0.04469151929536871,-0.0,15.355248456249843,0.09276878661034521,0.1469894230365753,hash_mismatch,8c3dabfaae6f2e8b5ddfa1b5d92513fff04e184146480121da29d7829994c9f3,ec72d95138c6ad5ac8adf68f9f7ef4d2ed1cd2db94de290a3c93ca4fe5313232,3605803B982CB64AEAD44F6C1B2AE36E3ACDB41D8E46C8A94C6533BC4C67E597
Mbpp/456,q4,71,0.01701265154925765,-0.0,15.721718183693755,0.037004673336142296,0.01064606849104166,matched,2ccd39656e87c12128272e156be9a6176123485bd4ef7a229ad0aaaff1bce127,2ccd39656e87c12128272e156be9a6176123485bd4ef7a229ad0aaaff1bce127,3605803B982CB64AEAD44F6C1B2AE36E3ACDB41D8E46C8A94C6533BC4C67E597
Mbpp/458,q4,77,0.007211458983655141,-0.0,17.94918489008106,0.02139237885894998,0.0009460232045967122,matched,ef3c1072b7aecb673154910c0ad43413e49745917c0c816010d0a1628d25a1a9,ef3c1072b7aecb673154910c0ad43413e49745917c0c816010d0a1628d25a1a9,3605803B982CB64AEAD44F6C1B2AE36E3ACDB41D8E46C8A94C6533BC4C67E597
Mbpp/462,q4,62,0.016271680618571843,1.0132794727724104e-06,14.442899585706487,0.040855355627568785,0.009271951671689746,matched,66896a6b39175eee98f495d28b0a471cbdbfc92ec1c84ab00f112df3b6081965,66896a6b39175eee98f495d28b0a471cbdbfc92ec1c84ab00f112df3b6081965,3605803B982CB64AEAD44F6C1B2AE36E3ACDB41D8E46C8A94C6533BC4C67E597
Mbpp/476,q4,120,0.0234766443826364,-0.0,16.528980797006927,0.04424636118272495,0.028375384211540216,matched,5d716641c6e7e364c2de00eb785ec24090c72d630223d35db2426c2b0a24d226,5d716641c6e7e364c2de00eb785ec24090c72d630223d35db2426c2b0a24d226,3605803B982CB64AEAD44F6C1B2AE36E3ACDB41D8E46C8A94C6533BC4C67E597
Mbpp/566,q4,122,0.0056928620686154995,-0.0,18.51607428909171,0.015949979273263318,0.0010084768757224077,matched,48da2e206a6f954d5c715ce3ea5b2153f86d0061ef2fc2dfe613bdeb276f700e,48da2e206a6f954d5c715ce3ea5b2153f86d0061ef2fc2dfe613bdeb276f700e,3605803B982CB64AEAD44F6C1B2AE36E3ACDB41D8E46C8A94C6533BC4C67E597
Mbpp/572,q4,102,0.029656090989174752,2.384186146286993e-07,14.525957824136354,0.060213110683887704,0.04566664882004261,matched,f3007dfbb5e38c1192a8a4d0872eebf1b881e8c6d634c1b33444ddca7b014611,f3007dfbb5e38c1192a8a4d0872eebf1b881e8c6d634c1b33444ddca7b014611,3605803B982CB64AEAD44F6C1B2AE36E3ACDB41D8E46C8A94C6533BC4C67E597
Mbpp/578,q4,154,0.019700903396097504,-0.0,19.091060768862278,0.03769871248361952,0.000406974003999494,matched,8896453edd97a66fec5f2e7410170dc73a9a91139100732cdc08aa310a1edd62,8896453edd97a66fec5f2e7410170dc73a9a91139100732cdc08aa310a1edd62,3605803B982CB64AEAD44F6C1B2AE36E3ACDB41D8E46C8A94C6533BC4C67E597
Mbpp/58,q4,79,0.008188307453863786,-0.0,18.07851710408292,0.01651675787513137,0.0006419276469387112,matched,271d35ae286eb36e9cd8fae88023c3953f65b9e645bca895a7142497ce416f2c,271d35ae286eb36e9cd8fae88023c3953f65b9e645bca895a7142497ce416f2c,3605803B982CB64AEAD44F6C1B2AE36E3ACDB41D8E46C8A94C6533BC4C67E597
Mbpp/589,q4,208,0.04251073890616946,3.576279254957626e-07,14.30037622767536,0.08919191873787008,0.1516648590564727,matched,66d0e2e07e1cd694a5a513c907ba04640907751b46fb675f65b16d299359c5e6,66d0e2e07e1cd694a5a513c907ba04640907751b46fb675f65b16d299359c5e6,3605803B982CB64AEAD44F6C1B2AE36E3ACDB41D8E46C8A94C6533BC4C67E597
Mbpp/599,q4,147,0.013013672688756212,-0.0,17.673635005928656,0.02736876213897251,0.002578798355534671,matched,269067cd71c8703cfdc5435e81c07be7fb8c94726233c9f7489cb98e256a27ba,269067cd71c8703cfdc5435e81c07be7fb8c94726233c9f7489cb98e256a27ba,3605803B982CB64AEAD44F6C1B2AE36E3ACDB41D8E46C8A94C6533BC4C67E597
Mbpp/600,q4,66,0.001140218927325951,-0.0,18.708660992574288,0.0051271870710787835,0.00017004076653392985,matched,e889b9a1763af859d550777e30bc4fad15353abd4eb17cec0e0e5c34ffc8e3c4,e889b9a1763af859d550777e30bc4fad15353abd4eb17cec0e0e5c34ffc8e3c4,3605803B982CB64AEAD44F6C1B2AE36E3ACDB41D8E46C8A94C6533BC4C67E597
Mbpp/603,q4,323,0.07683729414683398,4.768372718899627e-07,14.469170104149972,0.16047652108243107,0.2988502621650696,hash_mismatch,f7ba32dfcd42cbba8f06d81d0a3cbfce9e661fe5a4ea9f5eb473cf0373407482,68f3fa92c2474ed6fcf163be96416760f29f6d330a931526866060767a9c8d86,3605803B982CB64AEAD44F6C1B2AE36E3ACDB41D8E46C8A94C6533BC4C67E597
Mbpp/605,q4,165,0.0074027380157460675,-0.0,19.46000381808481,0.01763484239899099,0.00021378180827014105,matched,2e079cc43459eddb3446d475af0df6fb32850305089fd45f4fe0dc73da293d1f,2e079cc43459eddb3446d475af0df6fb32850305089fd45f4fe0dc73da293d1f,3605803B982CB64AEAD44F6C1B2AE36E3ACDB41D8E46C8A94C6533BC4C67E597
Mbpp/607,q4,121,0.012595160245845047,-0.0,16.091674544297025,0.0299210315304693,0.004128742031753063,matched,f5c18e7a0710769e99993d112dd24d50531f0f7613af4676c5c31249b5b5bbe4,f5c18e7a0710769e99993d112dd24d50531f0f7613af4676c5c31249b5b5bbe4,3605803B982CB64AEAD44F6C1B2AE36E3ACDB41D8E46C8A94C6533BC4C67E597
Mbpp/608,q4,331,0.029973320566699,-0.0,16.405444085761797,0.06502297499493578,0.05363348498940468,matched,5efc689b9df972ce2ecdf9c396585e0404d90ffde6e3e453256f2ccaa6487824,5efc689b9df972ce2ecdf9c396585e0404d90ffde6e3e453256f2ccaa6487824,3605803B982CB64AEAD44F6C1B2AE36E3ACDB41D8E46C8A94C6533BC4C67E597
Mbpp/611,q4,125,0.02298238241825493,2.3841860752327193e-07,14.645485746739768,0.04557277198111564,0.008296527899801731,matched,a03a81045f520e944013f6911199d587248bc111af57a6269fbf94ef878f84ad,a03a81045f520e944013f6911199d587248bc111af57a6269fbf94ef878f84ad,3605803B982CB64AEAD44F6C1B2AE36E3ACDB41D8E46C8A94C6533BC4C67E597
Mbpp/616,q4,48,0.03308147547464498,5.960465188081798e-08,16.949511156898527,0.05800614597213188,0.04695020830258725,matched,462bb5e76b1dc890b43b790746ec3a6ad8d6bfbeec773d9d7cfdda52630d47f2,462bb5e76b1dc890b43b790746ec3a6ad8d6bfbeec773d9d7cfdda52630d47f2,3605803B982CB64AEAD44F6C1B2AE36E3ACDB41D8E46C8A94C6533BC4C67E597
Mbpp/622,q4,287,0.03014837215432652,-0.0,17.35913257259679,0.06219463386062377,0.027215224876999844,matched,9427ed29ee46c7cd03bcc1d8838f598408bfba3338cdca75b4dcf60b8e56ed52,9427ed29ee46c7cd03bcc1d8838f598408bfba3338cdca75b4dcf60b8e56ed52,3605803B982CB64AEAD44F6C1B2AE36E3ACDB41D8E46C8A94C6533BC4C67E597
Mbpp/623,q4,86,0.014181818201388568,-0.0,16.941883574570046,0.03447446731947973,0.003168249037116766,matched,70976da62668f30de1f633feece7004019f6c8d5225be0f72030499ed0e9edc7,70976da62668f30de1f633feece7004019f6c8d5225be0f72030499ed0e9edc7,3605803B982CB64AEAD44F6C1B2AE36E3ACDB41D8E46C8A94C6533BC4C67E597
Mbpp/632,q4,145,0.030184393725397347,3.576279254957626e-07,15.091966084555429,0.05922726759690305,0.03207563683390617,matched,de06e3033b01d0be15aa19cda08b925df641f33a7d0054a30decb192927e31dd,de06e3033b01d0be15aa19cda08b925df641f33a7d0054a30decb192927e31dd,3605803B982CB64AEAD44F6C1B2AE36E3ACDB41D8E46C8A94C6533BC4C67E597
Mbpp/638,q4,512,0.1933824273617599,0.0015887691988609731,9.60959484552968,0.35836448332043047,0.7392422318458557,matched,de5d4ef8298b6781e724190a7cc378eadc206a96f6227f31d72f44448d0b50e4,de5d4ef8298b6781e724190a7cc378eadc206a96f6227f31d72f44448d0b50e4,3605803B982CB64AEAD44F6C1B2AE36E3ACDB41D8E46C8A94C6533BC4C67E597
Mbpp/643,q4,61,0.03841968975196083,4.0531240301788785e-06,13.019142978063451,0.08857439261329003,0.07621268182992935,matched,4f04e3ced9b1c9a18971ac25d048f91ea56c62c97ccc41c9948d96e4e5dae0dc,4f04e3ced9b1c9a18971ac25d048f91ea56c62c97ccc41c9948d96e4e5dae0dc,3605803B982CB64AEAD44F6C1B2AE36E3ACDB41D8E46C8A94C6533BC4C67E597
Mbpp/722,q4,146,0.020792513403395656,-0.0,16.37855397375947,0.051283817072203995,0.05311091057956219,matched,2b8866149cd65cdfb4064b8499a208caf46ac7005ab6603df8c4f9e9d41145b9,2b8866149cd65cdfb4064b8499a208caf46ac7005ab6603df8c4f9e9d41145b9,3605803B982CB64AEAD44F6C1B2AE36E3ACDB41D8E46C8A94C6533BC4C67E597
Mbpp/726,q4,69,0.02966611940173088,-0.0,18.33807943124457,0.04657886744103078,0.005343927722424268,matched,8d38c780392ab2b6a4d07b418de3013e355e336bc92c2d1be4bfa9efcc3add93,8d38c780392ab2b6a4d07b418de3013e355e336bc92c2d1be4bfa9efcc3add93,3605803B982CB64AEAD44F6C1B2AE36E3ACDB41D8E46C8A94C6533BC4C67E597
Mbpp/734,q4,76,0.02115847555133555,-0.0,17.575194062444552,0.05345516862000901,0.04352211020886898,matched,85326ac13bd5dbe4521b7578f7b02f503290bb9807448c37e16c27b51f007e3d,85326ac13bd5dbe4521b7578f7b02f503290bb9807448c37e16c27b51f007e3d,3605803B982CB64AEAD44F6C1B2AE36E3ACDB41D8E46C8A94C6533BC4C67E597
Mbpp/735,q4,391,0.09005298581174026,0.00031714700162410736,10.2047970629998,0.18648300206834126,0.3210916519165039,matched,ee1a317fb554f9b92dba59ee160649aad20da2ef98ad60f49b03b23ec7184b69,ee1a317fb554f9b92dba59ee160649aad20da2ef98ad60f49b03b23ec7184b69,3605803B982CB64AEAD44F6C1B2AE36E3ACDB41D8E46C8A94C6533BC4C67E597
Mbpp/748,q4,266,0.08374336952681156,1.406679530191468e-05,11.937720998031374,0.17123042566744057,0.3603568971157074,matched,e82c5852768966d0ccb17cf5bd02a583dc8b0e3daab54bbacc0ceb930582a480,e82c5852768966d0ccb17cf5bd02a583dc8b0e3daab54bbacc0ceb930582a480,3605803B982CB64AEAD44F6C1B2AE36E3ACDB41D8E46C8A94C6533BC4C67E597
Mbpp/749,q4,65,0.045038435266991646,5.960466182841628e-07,14.479944940539083,0.06623016771508784,0.013737877272069455,matched,634a4719c73d46379305e94ab4177a751d539a3eb6940136da338b2892c4f70d,634a4719c73d46379305e94ab4177a751d539a3eb6940136da338b2892c4f70d,3605803B982CB64AEAD44F6C1B2AE36E3ACDB41D8E46C8A94C6533BC4C67E597
Mbpp/75,q4,105,0.01175134348996927,-0.0,17.912849426302316,0.024769124067184546,0.0009715746389701962,matched,7ee817acb7a451f6818f62c6af488b7c594bcdcfe062670ae29fee30f8c29c77,7ee817acb7a451f6818f62c6af488b7c594bcdcfe062670ae29fee30f8c29c77,3605803B982CB64AEAD44F6C1B2AE36E3ACDB41D8E46C8A94C6533BC4C67E597
Mbpp/750,q4,78,0.030421844302410524,1.1920930376163597e-07,15.000083222196322,0.0580207250067312,0.043064499646425246,matched,89b129aaf2b2a7f89291c2f071c73d8389b9465e335eb328aee9f71132c60f41,89b129aaf2b2a7f89291c2f071c73d8389b9465e335eb328aee9f71132c60f41,3605803B982CB64AEAD44F6C1B2AE36E3ACDB41D8E46C8A94C6533BC4C67E597
Mbpp/752,q4,184,0.018502602896520136,-0.0,18.90523601763089,0.03938061493008187,0.00874663209542632,matched,f7a3ee3ad0a3464eca1c734a3c8b3a18b5e51164bbb9e300ec1094796c58a70e,f7a3ee3ad0a3464eca1c734a3c8b3a18b5e51164bbb9e300ec1094796c58a70e,3605803B982CB64AEAD44F6C1B2AE36E3ACDB41D8E46C8A94C6533BC4C67E597
Mbpp/757,q4,486,0.1288791417130587,0.0016556383343413472,9.229283960951026,0.27077833335397417,0.5023821890354156,matched,e47bdb591a09d4d0aa963a90f11120fb43ec97683716422e9fa0e1dc73810073,e47bdb591a09d4d0aa963a90f11120fb43ec97683716422e9fa0e1dc73810073,3605803B982CB64AEAD44F6C1B2AE36E3ACDB41D8E46C8A94C6533BC4C67E597
Mbpp/759,q4,146,0.04094383855190513,3.695494797284482e-06,13.271353473812283,0.08616749806063095,0.08560343645513058,matched,d8ef0f48061938e69f92cb00027cf596cce74ba719719b42d94668e3bf70d2ee,d8ef0f48061938e69f92cb00027cf596cce74ba719719b42d94668e3bf70d2ee,3605803B982CB64AEAD44F6C1B2AE36E3ACDB41D8E46C8A94C6533BC4C67E597
Mbpp/767,q4,118,0.0159000491915068,-0.0,18.19173063966976,0.03766585615615099,0.0052083466667681814,matched,472b426dc891ad8117a0ca0e85fbdb3ecef68c4603cf4c7bafb2d2a96e538c0a,472b426dc891ad8117a0ca0e85fbdb3ecef68c4603cf4c7bafb2d2a96e538c0a,3605803B982CB64AEAD44F6C1B2AE36E3ACDB41D8E46C8A94C6533BC4C67E597
Mbpp/780,q4,211,0.04112305555253915,5.960466182841628e-07,13.853578317968081,0.09827445855719218,0.1351725161075592,matched,5d3fb17a11426b02f14a1bc79bf6bc91d00eeb701bbdb8424c563b02c79457ad,5d3fb17a11426b02f14a1bc79bf6bc91d00eeb701bbdb8424c563b02c79457ad,3605803B982CB64AEAD44F6C1B2AE36E3ACDB41D8E46C8A94C6533BC4C67E597
Mbpp/79,q4,74,0.004380618796896303,-0.0,17.15511539055293,0.012046671086069008,0.0012929100077599285,matched,ad5884741855de217bf48144b362bec3921d0e74a717eeb5a620e5fbda66d7ff,ad5884741855de217bf48144b362bec3921d0e74a717eeb5a620e5fbda66d7ff,3605803B982CB64AEAD44F6C1B2AE36E3ACDB41D8E46C8A94C6533BC4C67E597
Mbpp/80,q4,135,0.019730540453223894,-0.0,16.97892023600368,0.03503028296739618,0.006294484157115221,matched,e732d49e7bf0d221d50c915a0cf442dcc70ea980f48ea09ed340edbf9a02d726,e732d49e7bf0d221d50c915a0cf442dcc70ea980f48ea09ed340edbf9a02d726,3605803B982CB64AEAD44F6C1B2AE36E3ACDB41D8E46C8A94C6533BC4C67E597
Mbpp/85,q4,83,0.020422700444756293,-0.0,17.030517476363936,0.04222333727752431,0.01601511407643555,matched,9634c283e4a05789f0dc92fa9b331aff46cdffdeb70a22cde51bc2c868b6ba77,9634c283e4a05789f0dc92fa9b331aff46cdffdeb70a22cde51bc2c868b6ba77,3605803B982CB64AEAD44F6C1B2AE36E3ACDB41D8E46C8A94C6533BC4C67E597
Mbpp/86,q4,117,0.038212355542862016,1.1920930376163597e-07,16.13898992879323,0.06337440412372508,0.008037281408905979,matched,1076f3c3d998f6360cc2ac97f41c7f6ec6632cbd7ccf73e2b3353244c6ae40d7,1076f3c3d998f6360cc2ac97f41c7f6ec6632cbd7ccf73e2b3353244c6ae40d7,3605803B982CB64AEAD44F6C1B2AE36E3ACDB41D8E46C8A94C6533BC4C67E597
Mbpp/92,q4,329,0.031819847036984004,1.1920930376163597e-07,14.888120376953983,0.06916344897123687,0.047896030545234676,matched,260f6cbf5a38c249a2da42e7f2bcabae844751e4cb567cdef44df1ee611efa58,260f6cbf5a38c249a2da42e7f2bcabae844751e4cb567cdef44df1ee611efa58,3605803B982CB64AEAD44F6C1B2AE36E3ACDB41D8E46C8A94C6533BC4C67E597
Mbpp/97,q4,47,0.005619603885808969,-0.0,18.78630808631581,0.017971445057993467,0.003582471981644629,matched,59afc15f1b5fe6e199ffd05b24195c6b2f716fafd5d19b9afc224d9bc3bc0e7a,59afc15f1b5fe6e199ffd05b24195c6b2f716fafd5d19b9afc224d9bc3bc0e7a,3605803B982CB64AEAD44F6C1B2AE36E3ACDB41D8E46C8A94C6533BC4C67E597
Mbpp/101,q8,105,0.013728648670041144,-0.0,19.661253191781515,0.02798172455562242,0.00031681348918937146,matched,0fb43292a4bda80c9125152df7538d2bac36852105d05d3a6d79fe5a68d32b86,0fb43292a4bda80c9125152df7538d2bac36852105d05d3a6d79fe5a68d32b86,391C1E410FD9F4CF2DE2B510273B56A84C19CE18F4FA3BFB3774031DAC4EF068
Mbpp/123,q8,202,0.020374522579365093,-0.0,16.884431227960622,0.043628069499691426,0.018744969833642235,matched,4ed2e316d30d4db0a84c806796c9a939767782b8c3c6147714d5ca70a5450f75,4ed2e316d30d4db0a84c806796c9a939767782b8c3c6147714d5ca70a5450f75,391C1E410FD9F4CF2DE2B510273B56A84C19CE18F4FA3BFB3774031DAC4EF068
Mbpp/128,q8,112,0.019437311653719647,-0.0,16.543494786896737,0.043096603313547144,0.002321978448890149,matched,55ad86e2c986ab03030c6696bd1b11c80edac085b9a2183c1c57e8df2f8977a2,55ad86e2c986ab03030c6696bd1b11c80edac085b9a2183c1c57e8df2f8977a2,391C1E410FD9F4CF2DE2B510273B56A84C19CE18F4FA3BFB3774031DAC4EF068
Mbpp/141,q8,252,0.04461240800554636,6.556513199029723e-07,13.708252633290142,0.08788713796528239,0.09561368823051451,matched,9db3fbec32bf655138fcc8c4230dba336a924381b66c7f91d8516b9b8e62cf38,9db3fbec32bf655138fcc8c4230dba336a924381b66c7f91d8516b9b8e62cf38,391C1E410FD9F4CF2DE2B510273B56A84C19CE18F4FA3BFB3774031DAC4EF068
Mbpp/142,q8,129,0.014138858416950109,-0.0,19.13434624582601,0.030104122952150935,0.0016828725114464752,matched,63e6aa77e71fdedb69f434000e4e7df6ff84959d3a5dc6f07b939a65dbd353ef,63e6aa77e71fdedb69f434000e4e7df6ff84959d3a5dc6f07b939a65dbd353ef,391C1E410FD9F4CF2DE2B510273B56A84C19CE18F4FA3BFB3774031DAC4EF068
Mbpp/160,q8,417,0.025873688951462498,-0.0,18.645094368060068,0.054355689796095105,0.010994789563119412,matched,ddea7e7bb0700762fa6bfc5cb388d6150b384205074ef9ab068b235c4d94fe83,ddea7e7bb0700762fa6bfc5cb388d6150b384205074ef9ab068b235c4d94fe83,391C1E410FD9F4CF2DE2B510273B56A84C19CE18F4FA3BFB3774031DAC4EF068
Mbpp/165,q8,184,0.03324003600757146,2.3841860752327193e-07,15.141022014045777,0.063816177374125,0.047333097830414755,matched,48d36058283cf0df218b54920806fe60ef5c44a8db9c08a034f5db68c75281da,48d36058283cf0df218b54920806fe60ef5c44a8db9c08a034f5db68c75281da,391C1E410FD9F4CF2DE2B510273B56A84C19CE18F4FA3BFB3774031DAC4EF068
Mbpp/227,q8,33,0.007034795656320477,-0.0,18.494026159795876,0.01612737531912221,7.700949754507747e-06,matched,20b77fb2826943f116b725ba1235efdf77c240740239c8d156a54ece2e3b24c4,20b77fb2826943f116b725ba1235efdf77c240740239c8d156a54ece2e3b24c4,391C1E410FD9F4CF2DE2B510273B56A84C19CE18F4FA3BFB3774031DAC4EF068
Mbpp/238,q8,93,0.005191805376751539,-0.0,18.835601437641778,0.014153638605866803,0.0001008087980153504,matched,85945c86d82ce427b29a66cea785969f6812782a96249fa856f1ebb2acf55745,85945c86d82ce427b29a66cea785969f6812782a96249fa856f1ebb2acf55745,391C1E410FD9F4CF2DE2B510273B56A84C19CE18F4FA3BFB3774031DAC4EF068
Mbpp/240,q8,123,0.013399816368129815,-0.0,18.164632403041814,0.025319187867713516,0.0004703456012066452,matched,a98bca1973a19929aacc9c9fbcc9c98f088918c1eada856e3e11ac87a9586578,a98bca1973a19929aacc9c9fbcc9c98f088918c1eada856e3e11ac87a9586578,391C1E410FD9F4CF2DE2B510273B56A84C19CE18F4FA3BFB3774031DAC4EF068
Mbpp/244,q8,153,0.02071403497206905,-0.0,17.63403481620567,0.033436109350546896,0.0025976575911045054,matched,837f98c62cc5a04b8ee29553ae9203eceba307e9660e13b99a6584dea67c7133,837f98c62cc5a04b8ee29553ae9203eceba307e9660e13b99a6584dea67c7133,391C1E410FD9F4CF2DE2B510273B56A84C19CE18F4FA3BFB3774031DAC4EF068
Mbpp/259,q8,138,0.05226543320173558,-0.0,15.739456827321797,0.09401590847839497,0.16334448009729383,matched,9e235f7737e4d98e5fc6cac0c1ec05a74b8d306836cae55adc5826be5ea11c82,9e235f7737e4d98e5fc6cac0c1ec05a74b8d306836cae55adc5826be5ea11c82,391C1E410FD9F4CF2DE2B510273B56A84C19CE18F4FA3BFB3774031DAC4EF068
Mbpp/276,q8,42,0.037502326875716176,-0.0,18.421732733906943,0.04858837570807348,1.2374005109450076e-05,matched,548814543b035147a6b9aacb7e807d0994472f138cdcdbc1a489db75be6faa77,548814543b035147a6b9aacb7e807d0994472f138cdcdbc1a489db75be6faa77,391C1E410FD9F4CF2DE2B510273B56A84C19CE18F4FA3BFB3774031DAC4EF068
Mbpp/3,q8,142,0.017289253752004886,-0.0,19.20885088563636,0.02939997845577913,8.446335123153403e-05,matched,9917b05c06b163c1d7ad3975acfc7b00817e2121eafc2071f8a29b4d625dcd15,9917b05c06b163c1d7ad3975acfc7b00817e2121eafc2071f8a29b4d625dcd15,391C1E410FD9F4CF2DE2B510273B56A84C19CE18F4FA3BFB3774031DAC4EF068
Mbpp/300,q8,278,0.049289784299917996,1.1920930376163597e-07,15.319757854238155,0.09321792241552458,0.10635545700788496,matched,e769d589c80af7008a36d4c800bd7d2bcf0c717330c467e7b9feb0f60059f413,e769d589c80af7008a36d4c800bd7d2bcf0c717330c467e7b9feb0f60059f413,391C1E410FD9F4CF2DE2B510273B56A84C19CE18F4FA3BFB3774031DAC4EF068
Mbpp/311,q8,512,0.20182915438606314,0.01630803383886814,7.082812526620115,0.38314874345658334,0.6867442727088928,matched,e0cebfa500fd69a8c8ffcac2c0700465202bd8d5a61d573d856a25e469a62e13,e0cebfa500fd69a8c8ffcac2c0700465202bd8d5a61d573d856a25e469a62e13,391C1E410FD9F4CF2DE2B510273B56A84C19CE18F4FA3BFB3774031DAC4EF068
Mbpp/392,q8,192,0.04383825121533036,-0.0,16.82056741619397,0.08247866926997521,0.0701720956712961,matched,5bd88eb289cb810b1a16dd1eeede06751e2c82df51a3b2b9bbafbcb9e00418d4,5bd88eb289cb810b1a16dd1eeede06751e2c82df51a3b2b9bbafbcb9e00418d4,391C1E410FD9F4CF2DE2B510273B56A84C19CE18F4FA3BFB3774031DAC4EF068
Mbpp/419,q8,50,0.0035651793991254978,-0.0,18.25235250801695,0.009848839984594352,0.0001114138547563925,matched,503d43c020467750ab1b06c1ec1364f6278face5b27135fa666065a1f51a3751,503d43c020467750ab1b06c1ec1364f6278face5b27135fa666065a1f51a3751,391C1E410FD9F4CF2DE2B510273B56A84C19CE18F4FA3BFB3774031DAC4EF068
Mbpp/429,q8,147,0.026212680056306836,1.1920930376163597e-07,14.87814857444763,0.06558521810129385,0.05546422749757766,matched,8f6a4e8ee317ec94d82f686ec16c68db9caec6a534c57168fba454b2ceecba1d,8f6a4e8ee317ec94d82f686ec16c68db9caec6a534c57168fba454b2ceecba1d,391C1E410FD9F4CF2DE2B510273B56A84C19CE18F4FA3BFB3774031DAC4EF068
Mbpp/456,q8,70,0.019905880297011843,-0.0,15.9269161958874,0.049968550551626585,0.04519055411219597,matched,c9976e1030ed40c3c29c1e97f6bc1ffe54836034b2a0a9050e77d29c73650ae1,c9976e1030ed40c3c29c1e97f6bc1ffe54836034b2a0a9050e77d29c73650ae1,391C1E410FD9F4CF2DE2B510273B56A84C19CE18F4FA3BFB3774031DAC4EF068
Mbpp/458,q8,89,0.017362198357986518,-0.0,19.519347189962378,0.03109380007113011,0.0005491168005391951,matched,3fce1597266052972a3621e95563930279ab7dfec676413c53368a0cfe1c7b09,3fce1597266052972a3621e95563930279ab7dfec676413c53368a0cfe1c7b09,391C1E410FD9F4CF2DE2B510273B56A84C19CE18F4FA3BFB3774031DAC4EF068
Mbpp/462,q8,118,0.02342779599659421,5.960465188081798e-08,15.127376305413964,0.04634473192354588,0.017013848945498462,matched,648e08a2c168396eaedcb0b75f3b8154072dbbcae49daa4d534bf3a7e88fb51e,648e08a2c168396eaedcb0b75f3b8154072dbbcae49daa4d534bf3a7e88fb51e,391C1E410FD9F4CF2DE2B510273B56A84C19CE18F4FA3BFB3774031DAC4EF068
Mbpp/476,q8,84,0.014596435790479353,-0.0,18.3399368285343,0.025873304243195328,0.0018434290308505289,matched,2cffdc9043df96a3046e4386be410ac28e772db06ff0c3ca680d05b43c9fde03,2cffdc9043df96a3046e4386be410ac28e772db06ff0c3ca680d05b43c9fde03,391C1E410FD9F4CF2DE2B510273B56A84C19CE18F4FA3BFB3774031DAC4EF068
Mbpp/566,q8,50,0.008348095015008425,-0.0,19.204885669156592,0.016711313856641236,0.0004240324342390517,matched,5839ca711de4298c2bdb9e76dd1d62eb6aed6e87b9b8e202e62de7adff0d803a,5839ca711de4298c2bdb9e76dd1d62eb6aed6e87b9b8e202e62de7adff0d803a,391C1E410FD9F4CF2DE2B510273B56A84C19CE18F4FA3BFB3774031DAC4EF068
Mbpp/572,q8,102,0.03722987512163159,1.1920930376163597e-07,14.700225288394618,0.07693556660493685,0.10381332784891127,matched,3f9ca42a2d1ecb35777fc70ef0c2e981aa56185454720618849569bbba0e9247,3f9ca42a2d1ecb35777fc70ef0c2e981aa56185454720618849569bbba0e9247,391C1E410FD9F4CF2DE2B510273B56A84C19CE18F4FA3BFB3774031DAC4EF068
Mbpp/578,q8,155,0.019381823382006894,-0.0,19.224537634930368,0.03652595801485454,0.0007680986775085328,matched,f7607a001a40ee63828e4a5beba3c6af925bb4a5de83dbe6b4b933c88dd0db0b,f7607a001a40ee63828e4a5beba3c6af925bb4a5de83dbe6b4b933c88dd0db0b,391C1E410FD9F4CF2DE2B510273B56A84C19CE18F4FA3BFB3774031DAC4EF068
Mbpp/58,q8,127,0.004088193176041447,-0.0,18.84643565787319,0.011302978370357342,0.0003278315940406173,matched,cb73c14279ad007abccfe5c817f5a9d1bae2d51e04c5da4a134c3cccb748bd22,cb73c14279ad007abccfe5c817f5a9d1bae2d51e04c5da4a134c3cccb748bd22,391C1E410FD9F4CF2DE2B510273B56A84C19CE18F4FA3BFB3774031DAC4EF068
Mbpp/589,q8,152,0.056956239848088744,1.7881395564245395e-07,15.294084456779126,0.10888512539518329,0.1910884708166122,matched,217dd3af8e9e5f3db49d4d2b67c8f9dc7ce7f8311917277d26efed04f1c33f51,217dd3af8e9e5f3db49d4d2b67c8f9dc7ce7f8311917277d26efed04f1c33f51,391C1E410FD9F4CF2DE2B510273B56A84C19CE18F4FA3BFB3774031DAC4EF068
Mbpp/599,q8,166,0.01754947947683542,-0.0,18.706363466595132,0.03120907003927546,0.00578284147195518,matched,4d20400af3784cea726bee0584dbfe19f7f1837f30643eff169e3d68eb4e2615,4d20400af3784cea726bee0584dbfe19f7f1837f30643eff169e3d68eb4e2615,391C1E410FD9F4CF2DE2B510273B56A84C19CE18F4FA3BFB3774031DAC4EF068
Mbpp/600,q8,91,0.009286156657903067,-0.0,18.837448901592104,0.02121979555949794,0.00036735128378495574,matched,fcf92d45f30a37fa332143011bac16271ef48f9d39a01a076cf278b588a6dac4,fcf92d45f30a37fa332143011bac16271ef48f9d39a01a076cf278b588a6dac4,391C1E410FD9F4CF2DE2B510273B56A84C19CE18F4FA3BFB3774031DAC4EF068
Mbpp/603,q8,243,0.07332389123898088,1.7881409348774469e-06,12.661064726092128,0.1526811232022466,0.28221139907836906,matched,cef8f178cdadc25ae83eb222e3030a35e3920d982394201b1b281711c067eab7,cef8f178cdadc25ae83eb222e3030a35e3920d982394201b1b281711c067eab7,391C1E410FD9F4CF2DE2B510273B56A84C19CE18F4FA3BFB3774031DAC4EF068
Mbpp/605,q8,166,0.004341877607384462,-0.0,19.352292049841303,0.011280554885913407,0.00015269119830918498,matched,00a7f500069cab3a8a12d6d1b3c4e341472a873ef1c0709fea37bc9290d7ab42,00a7f500069cab3a8a12d6d1b3c4e341472a873ef1c0709fea37bc9290d7ab42,391C1E410FD9F4CF2DE2B510273B56A84C19CE18F4FA3BFB3774031DAC4EF068
Mbpp/607,q8,119,0.009170027188417862,-0.0,16.875935573188674,0.023743302942949445,0.0022856340743601295,matched,2ae9173bc48763809f859d37ed945cc77b960e9ba0ae3e65806750e36cd682bc,2ae9173bc48763809f859d37ed945cc77b960e9ba0ae3e65806750e36cd682bc,391C1E410FD9F4CF2DE2B510273B56A84C19CE18F4FA3BFB3774031DAC4EF068
Mbpp/608,q8,386,0.03684507724246792,1.1920930376163597e-07,15.270486499932554,0.07783007635731462,0.0684518814086914,matched,e9e89f5da4eb33400a6c325130b181156d738743b96d3bf2635d96ff3df34e1c,e9e89f5da4eb33400a6c325130b181156d738743b96d3bf2635d96ff3df34e1c,391C1E410FD9F4CF2DE2B510273B56A84C19CE18F4FA3BFB3774031DAC4EF068
Mbpp/611,q8,161,0.03702859454919304,-0.0,15.256887108510528,0.0638610559648577,0.04502695053815842,matched,428904121d82f6d96592601ef572f8ad26b14d6dd33f7c01c4c8e431001858d0,428904121d82f6d96592601ef572f8ad26b14d6dd33f7c01c4c8e431001858d0,391C1E410FD9F4CF2DE2B510273B56A84C19CE18F4FA3BFB3774031DAC4EF068
Mbpp/616,q8,100,0.024838642718397495,-0.0,16.657082132456697,0.04801623914405007,0.01633838377892971,matched,d4e7f986701b56874a8420dfb5d1e2c3a3f99ad9b22653c582963f0e4f646b86,d4e7f986701b56874a8420dfb5d1e2c3a3f99ad9b22653c582963f0e4f646b86,391C1E410FD9F4CF2DE2B510273B56A84C19CE18F4FA3BFB3774031DAC4EF068
Mbpp/622,q8,329,0.046305102452839565,-0.0,16.243650870628837,0.09469976202530808,0.08074930608272553,matched,0757fff83434e519597c81d1a7a94a17fab7b170d57cb0f62f901a2acf18b500,0757fff83434e519597c81d1a7a94a17fab7b170d57cb0f62f901a2acf18b500,391C1E410FD9F4CF2DE2B510273B56A84C19CE18F4FA3BFB3774031DAC4EF068
Mbpp/623,q8,37,0.023329172214735343,-0.0,17.437087146382286,0.037557467418740595,0.000458376994356513,matched,b147abe7e33395b8ae3e54466872ea47eb92a48dfcf33c5478b2a2e464974348,b147abe7e33395b8ae3e54466872ea47eb92a48dfcf33c5478b2a2e464974348,391C1E410FD9F4CF2DE2B510273B56A84C19CE18F4FA3BFB3774031DAC4EF068
Mbpp/632,q8,116,0.04047802085437563,-0.0,15.746687304409075,0.07978420040602092,0.09814911335706711,matched,f8b3d93deb0fc35775e39dfa66d47ce9d224674411d5451da949da23f7383365,f8b3d93deb0fc35775e39dfa66d47ce9d224674411d5451da949da23f7383365,391C1E410FD9F4CF2DE2B510273B56A84C19CE18F4FA3BFB3774031DAC4EF068
Mbpp/638,q8,306,0.04229847421677256,5.960465188081798e-08,15.80629113601859,0.08509452337308678,0.10864276811480522,matched,005c4e485756d5b8c1310d82623f4c0783f5e200b18f6bd91c84de700fa28119,005c4e485756d5b8c1310d82623f4c0783f5e200b18f6bd91c84de700fa28119,391C1E410FD9F4CF2DE2B510273B56A84C19CE18F4FA3BFB3774031DAC4EF068
Mbpp/643,q8,55,0.02480258045579779,5.960466182841628e-07,14.038789649734133,0.06435468325818365,0.06766922175884246,matched,d0634a8a413ea4d8ac2d4b337d02aab736d27d2aafebbd6664e052a5c25c22bf,d0634a8a413ea4d8ac2d4b337d02aab736d27d2aafebbd6664e052a5c25c22bf,391C1E410FD9F4CF2DE2B510273B56A84C19CE18F4FA3BFB3774031DAC4EF068
Mbpp/722,q8,145,0.025401770576764033,-0.0,16.26694418898797,0.05668049543887985,0.042060437053442,matched,306be65ad94669238677ef116b2f9631ebd71dfcbc0f26385a4b63dbbddf21df,306be65ad94669238677ef116b2f9631ebd71dfcbc0f26385a4b63dbbddf21df,391C1E410FD9F4CF2DE2B510273B56A84C19CE18F4FA3BFB3774031DAC4EF068
Mbpp/726,q8,75,0.014660126283179692,-0.0,18.18759447583118,0.03616704132194191,0.011548831313848491,matched,eab37ed3d9920453a112802e41a97949430d3337233ac254535d10df4a0b6457,eab37ed3d9920453a112802e41a97949430d3337233ac254535d10df4a0b6457,391C1E410FD9F4CF2DE2B510273B56A84C19CE18F4FA3BFB3774031DAC4EF068
Mbpp/734,q8,82,0.01767131174724936,-0.0,17.66091970556878,0.043446825575865225,0.00766077539883554,matched,92ccc240f7f53aa1eef73b8da618fddd7fe72f1da52f93c903415fbc5cdc0cba,92ccc240f7f53aa1eef73b8da618fddd7fe72f1da52f93c903415fbc5cdc0cba,391C1E410FD9F4CF2DE2B510273B56A84C19CE18F4FA3BFB3774031DAC4EF068
Mbpp/735,q8,266,0.06198404734499188,7.987054232216906e-06,12.251549060916304,0.1329711672514551,0.24374742060899734,matched,2595d32af07f2a507eb1191767af442178d5bb970819128c1ae4a7bd09fe29d8,2595d32af07f2a507eb1191767af442178d5bb970819128c1ae4a7bd09fe29d8,391C1E410FD9F4CF2DE2B510273B56A84C19CE18F4FA3BFB3774031DAC4EF068
Mbpp/748,q8,153,0.027414582232029205,9.536747711536009e-07,14.186869476647374,0.06092071546972642,0.06438821256160734,matched,5b6c1aa4b7d22617dc15a29cf210bb363a198717147db8dec3727741c98a062a,5b6c1aa4b7d22617dc15a29cf210bb363a198717147db8dec3727741c98a062a,391C1E410FD9F4CF2DE2B510273B56A84C19CE18F4FA3BFB3774031DAC4EF068
Mbpp/749,q8,68,0.03847462121477651,4.768372718899627e-07,14.405243854239218,0.0706765774786071,0.014923740737140178,matched,0d3405a6296ca3bb44589c05e8b30f40ab934a8fdefb2f0fadc76380e60c6bbd,0d3405a6296ca3bb44589c05e8b30f40ab934a8fdefb2f0fadc76380e60c6bbd,391C1E410FD9F4CF2DE2B510273B56A84C19CE18F4FA3BFB3774031DAC4EF068
Mbpp/75,q8,105,0.009594911019026346,-0.0,17.967979997146678,0.023258314129894167,0.0003398199274670331,matched,7ee817acb7a451f6818f62c6af488b7c594bcdcfe062670ae29fee30f8c29c77,7ee817acb7a451f6818f62c6af488b7c594bcdcfe062670ae29fee30f8c29c77,391C1E410FD9F4CF2DE2B510273B56A84C19CE18F4FA3BFB3774031DAC4EF068
Mbpp/750,q8,79,0.02602471225129698,-0.0,15.387642920557873,0.0526717448871323,0.040619904547929755,matched,f0af7ce065f54ffb2dd6a66e6d7d1ec5be90965a33da453cb1a60408639bb6c2,f0af7ce065f54ffb2dd6a66e6d7d1ec5be90965a33da453cb1a60408639bb6c2,391C1E410FD9F4CF2DE2B510273B56A84C19CE18F4FA3BFB3774031DAC4EF068
Mbpp/752,q8,182,0.01187889699386362,-0.0,19.57822462314799,0.028313012531523605,0.0045550587587058515,matched,0496b871c4b0567e000f2f66a11126b7135e4a21594a1b038df83406ed1652e6,0496b871c4b0567e000f2f66a11126b7135e4a21594a1b038df83406ed1652e6,391C1E410FD9F4CF2DE2B510273B56A84C19CE18F4FA3BFB3774031DAC4EF068
Mbpp/757,q8,128,0.021886150175935093,-0.0,16.737211683010454,0.04869185893233477,0.019509184546768657,matched,8befb9c5c3bdba1d7882e146ab0d82b1d47fc3fa7d266b06b2037d95878ce083,8befb9c5c3bdba1d7882e146ab0d82b1d47fc3fa7d266b06b2037d95878ce083,391C1E410FD9F4CF2DE2B510273B56A84C19CE18F4FA3BFB3774031DAC4EF068
Mbpp/759,q8,197,0.02692672575793406,1.1920930376163597e-07,15.376929531436257,0.0606989968035677,0.0379228316247463,matched,ffd36054a8b394a8eafdd612a010f5cc3a925f6755bfdcc4fa6edf4ef433153a,ffd36054a8b394a8eafdd612a010f5cc3a925f6755bfdcc4fa6edf4ef433153a,391C1E410FD9F4CF2DE2B510273B56A84C19CE18F4FA3BFB3774031DAC4EF068
Mbpp/767,q8,118,0.015882940672987417,-0.0,18.33649112152167,0.03220443162144333,0.003342736163176594,matched,472b426dc891ad8117a0ca0e85fbdb3ecef68c4603cf4c7bafb2d2a96e538c0a,472b426dc891ad8117a0ca0e85fbdb3ecef68c4603cf4c7bafb2d2a96e538c0a,391C1E410FD9F4CF2DE2B510273B56A84C19CE18F4FA3BFB3774031DAC4EF068
Mbpp/780,q8,205,0.03632129096766459,1.1920930376163597e-07,14.653714716285473,0.08315388414170842,0.08204268515110012,matched,78910741b21846cf013aef768a57e872c1ef66495bcc0c43c29facbb422e15e1,78910741b21846cf013aef768a57e872c1ef66495bcc0c43c29facbb422e15e1,391C1E410FD9F4CF2DE2B510273B56A84C19CE18F4FA3BFB3774031DAC4EF068
Mbpp/79,q8,98,0.010972388179064036,-0.0,17.23315733646947,0.027232179990402932,0.00040350976487388767,matched,ff6d05b47edff9fdbc99ff347ed5e5588eb056060029411a75dc9f1280650d54,ff6d05b47edff9fdbc99ff347ed5e5588eb056060029411a75dc9f1280650d54,391C1E410FD9F4CF2DE2B510273B56A84C19CE18F4FA3BFB3774031DAC4EF068
Mbpp/80,q8,135,0.015021747835701642,-0.0,17.032829815105814,0.031179774413890884,0.0062280499376356595,matched,c9d8aea26cd7b2dd24ed55266e4d6dad16c197b696c8b9b9d5e8fc3a5678e2e1,c9d8aea26cd7b2dd24ed55266e4d6dad16c197b696c8b9b9d5e8fc3a5678e2e1,391C1E410FD9F4CF2DE2B510273B56A84C19CE18F4FA3BFB3774031DAC4EF068
Mbpp/85,q8,83,0.007622070500283289,-0.0,17.22177935707893,0.022716589433906097,0.009853385202586652,matched,9634c283e4a05789f0dc92fa9b331aff46cdffdeb70a22cde51bc2c868b6ba77,9634c283e4a05789f0dc92fa9b331aff46cdffdeb70a22cde51bc2c868b6ba77,391C1E410FD9F4CF2DE2B510273B56A84C19CE18F4FA3BFB3774031DAC4EF068
Mbpp/86,q8,173,0.025775626009238366,-0.0,16.63426603492252,0.052399699195575695,0.012657576985657218,matched,13cba2488b9cc24edec338821c23346cd2368ae6b30a811fe7a42a361337defb,13cba2488b9cc24edec338821c23346cd2368ae6b30a811fe7a42a361337defb,391C1E410FD9F4CF2DE2B510273B56A84C19CE18F4FA3BFB3774031DAC4EF068
Mbpp/92,q8,293,0.029130672333868568,1.1920930376163597e-07,14.77537717214677,0.06827395516541152,0.05233745500445365,matched,8e8fb1764dd690a0bb5b63eed884db45f86dbb44e60f7cc3ad0a1ac1c324c3f6,8e8fb1764dd690a0bb5b63eed884db45f86dbb44e60f7cc3ad0a1ac1c324c3f6,391C1E410FD9F4CF2DE2B510273B56A84C19CE18F4FA3BFB3774031DAC4EF068
Mbpp/97,q8,47,0.0023795171704250606,-0.0,18.837309691935697,0.01155266667802722,0.0011847504880279302,matched,59afc15f1b5fe6e199ffd05b24195c6b2f716fafd5d19b9afc224d9bc3bc0e7a,59afc15f1b5fe6e199ffd05b24195c6b2f716fafd5d19b9afc224d9bc3bc0e7a,391C1E410FD9F4CF2DE2B510273B56A84C19CE18F4FA3BFB3774031DAC4EF068
